row_type,model_or_comparison,metric,evaluation_count,mean,median,standard_deviation,minimum,maximum,paired_mean_difference,paired_mean_bootstrap_95ci_lower,paired_mean_bootstrap_95ci_upper,improved_count,worsened_count,equal_count
model_summary,Logistic Regression,accuracy,25,0.587000819000819,0.5909090909090909,0.05129051898589686,0.4774774774774775,0.6454545454545455,,,,,,
model_summary,Logistic Regression,balanced_accuracy,25,0.5040824292158178,0.4941544692994569,0.08032347923411877,0.3766915216790942,0.6633802816901408,,,,,,
model_summary,Logistic Regression,macro_f1,25,0.4662701139544344,0.47828588734100547,0.05592855586650462,0.3652485095498859,0.568251273344652,,,,,,
model_summary,Logistic Regression,weighted_f1,25,0.6022088589525392,0.6067897570055844,0.04830445850711467,0.4899503924707779,0.6626423830838093,,,,,,
model_summary,Logistic Regression,normal_recall,25,0.6541408450704226,0.6338028169014085,0.06319527681447519,0.5,0.7464788732394366,,,,,,
model_summary,Logistic Regression,suspicious_recall,25,0.48077310924369754,0.47058823529411764,0.09096139550678607,0.3142857142857143,0.6470588235294118,,,,,,
model_summary,Logistic Regression,pathological_recall,25,0.37733333333333335,0.3333333333333333,0.20564262420249577,0.0,0.8,,,,,,
model_summary,Logistic Regression,normal_precision,25,0.7567640363576638,0.7543859649122807,0.04664692576956851,0.639344262295082,0.8333333333333334,,,,,,
model_summary,Logistic Regression,suspicious_precision,25,0.4358729068341921,0.45161290322580644,0.06277659241537978,0.2972972972972973,0.53125,,,,,,
model_summary,Logistic Regression,pathological_precision,25,0.18907890458354853,0.2,0.09047713143016635,0.0,0.4,,,,,,
model_summary,Logistic Regression,pathological_f1,25,0.24328521963371874,0.26666666666666666,0.10845142825804414,0.0,0.4,,,,,,
model_summary,Logistic Regression,false_pathological_predictions,25,9.28,9.0,3.385262175962151,3.0,16.0,,,,,,
model_summary,Logistic Regression,true_pathological_detections,25,2.04,2.0,1.0984838035522722,0.0,4.0,,,,,,
model_summary,Random Forest,accuracy,25,0.6377166257166257,0.6454545454545455,0.03890938572160553,0.5636363636363636,0.7,,,,,,
model_summary,Random Forest,balanced_accuracy,25,0.4839422416854066,0.4915492957746479,0.07715076708113647,0.36526610644257707,0.7064623032311518,,,,,,
model_summary,Random Forest,macro_f1,25,0.48223704664170375,0.4899349406812094,0.07393302911776882,0.3648599224636091,0.6823694291320191,,,,,,
model_summary,Random Forest,weighted_f1,25,0.635486734858689,0.642444414858208,0.038836126091904295,0.5669153084691532,0.7023543101764161,,,,,,
model_summary,Random Forest,normal_recall,25,0.7524989939637827,0.7464788732394366,0.04631806914438594,0.676056338028169,0.8450704225352113,,,,,,
model_summary,Random Forest,suspicious_recall,25,0.46332773109243697,0.47058823529411764,0.07866719249837326,0.29411764705882354,0.6,,,,,,
model_summary,Random Forest,pathological_recall,25,0.23600000000000002,0.2,0.19624248039380035,0.0,0.8,,,,,,
model_summary,Random Forest,normal_precision,25,0.7419266472507517,0.7407407407407407,0.030563216702939388,0.6753246753246753,0.7941176470588235,,,,,,
model_summary,Random Forest,suspicious_precision,25,0.4810112368498102,0.4857142857142857,0.06529098038618159,0.3333333333333333,0.6129032258064516,,,,,,
model_summary,Random Forest,pathological_precision,25,0.2587186147186147,0.2222222222222222,0.24331713254350545,0.0,1.0,,,,,,
model_summary,Random Forest,pathological_f1,25,0.23079763373881018,0.2,0.18222627717464956,0.0,0.7272727272727273,,,,,,
model_summary,Random Forest,false_pathological_predictions,25,4.12,4.0,2.107921567168317,0.0,8.0,,,,,,
model_summary,Random Forest,true_pathological_detections,25,1.28,1.0,1.0614455552060438,0.0,4.0,,,,,,
pairwise_vs_logistic,Random Forest minus Logistic Regression,macro_f1,25,,,,,,0.015966932687269276,-0.012111418202403575,0.04493198535703619,14.0,11.0,0.0
pairwise_vs_logistic,Random Forest minus Logistic Regression,balanced_accuracy,25,,,,,,-0.020140187530411226,-0.05268374824108048,0.010234978498441627,11.0,14.0,0.0
pairwise_vs_logistic,Random Forest minus Logistic Regression,pathological_recall,25,,,,,,-0.14133333333333334,-0.21866666666666668,-0.07466666666666666,1.0,15.0,9.0
pairwise_vs_logistic,Random Forest minus Logistic Regression,pathological_precision,25,,,,,,0.06963971013506615,-0.01481952735946545,0.1634712857489947,12.0,9.0,4.0
pairwise_vs_logistic,Random Forest minus Logistic Regression,false_pathological_predictions,25,,,,,,-5.16,-6.76,-3.44,23.0,1.0,1.0
model_summary,XGBoost,accuracy,25,0.6109058149058149,0.6126126126126126,0.03577360264685979,0.5405405405405406,0.6909090909090909,,,,,,
model_summary,XGBoost,balanced_accuracy,25,0.45510190555095276,0.44722452361226184,0.07644757770421838,0.32605042016806723,0.6629660314830158,,,,,,
model_summary,XGBoost,macro_f1,25,0.4516312854583993,0.4483734917666043,0.0761244690945661,0.3200241984271022,0.6619047619047619,,,,,,
model_summary,XGBoost,weighted_f1,25,0.6028449031095121,0.6070679770679771,0.03898752101414657,0.5202353388298907,0.6874265038444143,,,,,,
model_summary,XGBoost,normal_recall,25,0.74964185110664,0.7464788732394366,0.044394191593503,0.676056338028169,0.8732394366197183,,,,,,
model_summary,XGBoost,suspicious_recall,25,0.3836638655462184,0.38235294117647056,0.1010228507031589,0.14705882352941177,0.5714285714285714,,,,,,
model_summary,XGBoost,pathological_recall,25,0.23199999999999998,0.2,0.20581365178058345,0.0,0.8,,,,,,
model_summary,XGBoost,normal_precision,25,0.7124841528679456,0.7123287671232876,0.030754605388263533,0.6341463414634146,0.7671232876712328,,,,,,
model_summary,XGBoost,suspicious_precision,25,0.42554752676837176,0.4411764705882353,0.06959367771769717,0.22727272727272727,0.5757575757575758,,,,,,
model_summary,XGBoost,pathological_precision,25,0.2540995670995671,0.25,0.24563832596438717,0.0,1.0,,,,,,
model_summary,XGBoost,pathological_f1,25,0.22525417719535368,0.2222222222222222,0.19034353562484937,0.0,0.8,,,,,,
model_summary,XGBoost,false_pathological_predictions,25,3.88,4.0,2.1470910553583886,0.0,9.0,,,,,,
model_summary,XGBoost,true_pathological_detections,25,1.24,1.0,1.0908712114635715,0.0,4.0,,,,,,
pairwise_vs_logistic,XGBoost minus Logistic Regression,macro_f1,25,,,,,,-0.014638828496035093,-0.043415172183021385,0.01427398682567172,11.0,14.0,0.0
pairwise_vs_logistic,XGBoost minus Logistic Regression,balanced_accuracy,25,,,,,,-0.048980523664865015,-0.08038384029668205,-0.019758935311213685,7.0,18.0,0.0
pairwise_vs_logistic,XGBoost minus Logistic Regression,pathological_recall,25,,,,,,-0.14533333333333334,-0.21866666666666668,-0.07999999999999999,1.0,15.0,9.0
pairwise_vs_logistic,XGBoost minus Logistic Regression,pathological_precision,25,,,,,,0.06502066251601855,-0.01935861571349188,0.15907307072872084,15.0,9.0,1.0
pairwise_vs_logistic,XGBoost minus Logistic Regression,false_pathological_predictions,25,,,,,,-5.4,-7.08,-3.599000000000015,23.0,2.0,0.0
model_summary,LightGBM,accuracy,25,0.6232268632268633,0.6272727272727273,0.04350663221153413,0.5405405405405406,0.6818181818181818,,,,,,
model_summary,LightGBM,balanced_accuracy,25,0.4540915558711747,0.4459817729908864,0.08394421079612627,0.33236674951670814,0.6617232808616405,,,,,,
model_summary,LightGBM,macro_f1,25,0.45617014481144535,0.4361958443854996,0.08668434019302981,0.32790028763183127,0.6261712144065085,,,,,,
model_summary,LightGBM,weighted_f1,25,0.6122513735984897,0.624274344912712,0.04513290466464581,0.5328663943530326,0.6649006190685001,,,,,,
model_summary,LightGBM,normal_recall,25,0.7665995975855131,0.7605633802816901,0.04293834389683668,0.6857142857142857,0.8732394366197183,,,,,,
model_summary,LightGBM,suspicious_recall,25,0.39300840336134457,0.4117647058823529,0.10068081453421,0.23529411764705882,0.5714285714285714,,,,,,
model_summary,LightGBM,pathological_recall,25,0.20266666666666666,0.2,0.20501129146861555,0.0,0.8,,,,,,
model_summary,LightGBM,normal_precision,25,0.7149096194314845,0.7125,0.02900978175826989,0.6547619047619048,0.7611940298507462,,,,,,
model_summary,LightGBM,suspicious_precision,25,0.43944383756133165,0.4666666666666667,0.07635464726450078,0.2962962962962963,0.5384615384615384,,,,,,
model_summary,LightGBM,pathological_precision,25,0.29098412698412696,0.25,0.2997103666122934,0.0,1.0,,,,,,
model_summary,LightGBM,pathological_f1,25,0.21725030525030525,0.2222222222222222,0.19818590171844525,0.0,0.6666666666666666,,,,,,
model_summary,LightGBM,false_pathological_predictions,25,2.84,3.0,1.818424226264781,0.0,7.0,,,,,,
model_summary,LightGBM,true_pathological_detections,25,1.08,1.0,1.0770329614269007,0.0,4.0,,,,,,
pairwise_vs_logistic,LightGBM minus Logistic Regression,macro_f1,25,,,,,,-0.0100999691429891,-0.04120744330251261,0.02055757992157283,13.0,12.0,0.0
pairwise_vs_logistic,LightGBM minus Logistic Regression,balanced_accuracy,25,,,,,,-0.04999087334464303,-0.08274684052024568,-0.019663246143527845,5.0,20.0,0.0
pairwise_vs_logistic,LightGBM minus Logistic Regression,pathological_recall,25,,,,,,-0.1746666666666667,-0.25733333333333336,-0.10133333333333333,1.0,17.0,7.0
pairwise_vs_logistic,LightGBM minus Logistic Regression,pathological_precision,25,,,,,,0.10190522240057842,-0.0028019785683872397,0.21571070073717125,13.0,11.0,1.0
pairwise_vs_logistic,LightGBM minus Logistic Regression,false_pathological_predictions,25,,,,,,-6.44,-7.92,-4.92,23.0,0.0,2.0
model_summary,Support Vector Machine,accuracy,25,0.6228894348894349,0.6272727272727273,0.04307880806367156,0.5135135135135135,0.6909090909090909,,,,,,
model_summary,Support Vector Machine,balanced_accuracy,25,0.48074949040649123,0.48468720821662,0.07625105265038608,0.33402375034520854,0.6449047224523613,,,,,,
model_summary,Support Vector Machine,macro_f1,25,0.48618398105295724,0.4998611111111111,0.08330824961068753,0.33283338332833384,0.6868450445123354,,,,,,
model_summary,Support Vector Machine,weighted_f1,25,0.6202862265994645,0.6280815895902937,0.043134275642050704,0.5199588149293178,0.6956729261671609,,,,,,
model_summary,Support Vector Machine,normal_recall,25,0.7282092555331992,0.7323943661971831,0.053617263118570534,0.6197183098591549,0.8309859154929577,,,,,,
model_summary,Support Vector Machine,suspicious_recall,25,0.46470588235294114,0.45714285714285713,0.10826484538386648,0.2647058823529412,0.6470588235294118,,,,,,
model_summary,Support Vector Machine,pathological_recall,25,0.24933333333333338,0.2,0.17483325389257806,0.0,0.6,,,,,,
model_summary,Support Vector Machine,normal_precision,25,0.7331176892210314,0.7375,0.0317742986967538,0.6666666666666666,0.7878787878787878,,,,,,
model_summary,Support Vector Machine,suspicious_precision,25,0.4400299676423153,0.4375,0.06113259737236172,0.32432432432432434,0.5405405405405406,,,,,,
model_summary,Support Vector Machine,pathological_precision,25,0.364,0.4,0.27100123000950876,0.0,1.0,,,,,,
model_summary,Support Vector Machine,pathological_f1,25,0.28031635031635027,0.2857142857142857,0.18823533242740903,0.0,0.75,,,,,,
model_summary,Support Vector Machine,false_pathological_predictions,25,2.64,2.0,1.6299284237863534,0.0,6.0,,,,,,
model_summary,Support Vector Machine,true_pathological_detections,25,1.32,1.0,0.9,0.0,3.0,,,,,,
pairwise_vs_logistic,Support Vector Machine minus Logistic Regression,macro_f1,25,,,,,,0.01991386709852282,-0.006239882552183281,0.04638322080158112,15.0,10.0,0.0
pairwise_vs_logistic,Support Vector Machine minus Logistic Regression,balanced_accuracy,25,,,,,,-0.023332938809326548,-0.05002896726765825,0.0014925448113517576,10.0,15.0,0.0
pairwise_vs_logistic,Support Vector Machine minus Logistic Regression,pathological_recall,25,,,,,,-0.128,-0.204,-0.05733333333333333,3.0,15.0,7.0
pairwise_vs_logistic,Support Vector Machine minus Logistic Regression,pathological_precision,25,,,,,,0.17492109541645146,0.07227386632974868,0.28500636400063634,18.0,5.0,2.0
pairwise_vs_logistic,Support Vector Machine minus Logistic Regression,false_pathological_predictions,25,,,,,,-6.64,-8.0,-5.28,25.0,0.0,0.0
