fold_number,repeat_number,fold_within_repeat,train_patient_count,test_patient_count,model,scaled_features,preprocessing,accuracy,balanced_accuracy,macro_f1,weighted_f1,confusion_matrix,false_pathological_predictions,true_pathological_detections,normal_recall,normal_precision,normal_f1,pathological_recall,pathological_precision,pathological_f1,suspicious_recall,suspicious_precision,suspicious_f1
1,1,1,441,111,Logistic Regression,True,median imputation -> StandardScaler -> training-only SMOTE,0.5585585585585585,0.4254862508383635,0.40806960806960807,0.5855035909089964,"[[46, 5, 20], [0, 1, 4], [13, 7, 15]]",12,1,0.647887323943662,0.7796610169491526,0.7076923076923077,0.2,0.07692307692307693,0.1111111111111111,0.42857142857142855,0.38461538461538464,0.40540540540540543
1,1,1,441,111,Random Forest,False,median imputation -> training-only SMOTE,0.6036036036036037,0.37250167672702883,0.3723536737235367,0.5965803911009391,"[[55, 0, 16], [2, 0, 3], [18, 5, 12]]",5,0,0.7746478873239436,0.7333333333333333,0.7534246575342466,0.0,0.0,0.0,0.34285714285714286,0.3870967741935484,0.36363636363636365
1,1,1,441,111,XGBoost,False,median imputation -> training-only SMOTE,0.6126126126126126,0.42951039570757876,0.4198787300888742,0.60027829567933,"[[57, 1, 13], [1, 1, 3], [20, 5, 10]]",6,1,0.8028169014084507,0.7307692307692307,0.7651006711409396,0.2,0.14285714285714285,0.16666666666666666,0.2857142857142857,0.38461538461538464,0.32786885245901637
1,1,1,441,111,LightGBM,False,median imputation -> training-only SMOTE,0.6036036036036037,0.4199865861837693,0.4166666666666667,0.5833333333333334,"[[57, 1, 13], [1, 1, 3], [23, 3, 9]]",4,1,0.8028169014084507,0.7037037037037037,0.75,0.2,0.2,0.2,0.2571428571428571,0.36,0.3
1,1,1,441,111,Support Vector Machine,True,median imputation -> StandardScaler -> training-only SMOTE,0.5765765765765766,0.4107310529845741,0.4095720720720721,0.5656653274896518,"[[53, 1, 17], [2, 1, 2], [22, 3, 10]]",4,1,0.7464788732394366,0.6883116883116883,0.7162162162162162,0.2,0.2,0.2,0.2857142857142857,0.3448275862068966,0.3125
2,1,2,441,111,Logistic Regression,True,median imputation -> StandardScaler -> training-only SMOTE,0.6396396396396397,0.5932062966031483,0.5401133040935672,0.6570279160739686,"[[47, 5, 19], [1, 3, 2], [9, 4, 21]]",9,3,0.6619718309859155,0.8245614035087719,0.734375,0.5,0.25,0.3333333333333333,0.6176470588235294,0.5,0.5526315789473685
2,1,2,441,111,Random Forest,False,median imputation -> training-only SMOTE,0.6576576576576577,0.5974868820767744,0.56473795406529,0.6668037082267301,"[[50, 4, 17], [1, 3, 2], [12, 2, 20]]",6,3,0.704225352112676,0.7936507936507936,0.746268656716418,0.5,0.3333333333333333,0.4,0.5882352941176471,0.5128205128205128,0.547945205479452
2,1,2,441,111,XGBoost,False,median imputation -> training-only SMOTE,0.6216216216216216,0.568489367578017,0.5438252751685587,0.630429195979821,"[[48, 2, 21], [2, 3, 1], [13, 3, 18]]",5,3,0.676056338028169,0.7619047619047619,0.7164179104477612,0.5,0.375,0.42857142857142855,0.5294117647058824,0.45,0.4864864864864865
2,1,2,441,111,LightGBM,False,median imputation -> training-only SMOTE,0.6576576576576577,0.5923777961888981,0.5786267213089012,0.6616637363728606,"[[51, 2, 18], [3, 3, 0], [13, 2, 19]]",4,3,0.7183098591549296,0.7611940298507462,0.7391304347826086,0.5,0.42857142857142855,0.46153846153846156,0.5588235294117647,0.5135135135135135,0.5352112676056338
2,1,2,441,111,Support Vector Machine,True,median imputation -> StandardScaler -> training-only SMOTE,0.6576576576576577,0.5568443339777226,0.5651486158948845,0.662205948773113,"[[49, 1, 21], [3, 2, 1], [11, 1, 22]]",2,2,0.6901408450704225,0.7777777777777778,0.7313432835820896,0.3333333333333333,0.5,0.4,0.6470588235294118,0.5,0.5641025641025641
3,1,3,442,110,Logistic Regression,True,median imputation -> StandardScaler -> training-only SMOTE,0.5727272727272728,0.49234360410831,0.47828588734100547,0.5867975331754859,"[[43, 2, 25], [1, 2, 3], [13, 3, 18]]",5,2,0.6142857142857143,0.7543859649122807,0.6771653543307087,0.3333333333333333,0.2857142857142857,0.3076923076923077,0.5294117647058824,0.391304347826087,0.45
3,1,3,442,110,Random Forest,False,median imputation -> training-only SMOTE,0.6636363636363637,0.5298786181139122,0.5256410256410257,0.6608391608391608,"[[55, 2, 13], [3, 2, 1], [15, 3, 16]]",5,2,0.7857142857142857,0.7534246575342466,0.7692307692307693,0.3333333333333333,0.2857142857142857,0.3076923076923077,0.47058823529411764,0.5333333333333333,0.5
3,1,3,442,110,XGBoost,False,median imputation -> training-only SMOTE,0.6272727272727273,0.4549953314659197,0.45868608302915637,0.6233482801334962,"[[53, 1, 16], [3, 1, 2], [16, 3, 15]]",4,1,0.7571428571428571,0.7361111111111112,0.7464788732394366,0.16666666666666666,0.2,0.18181818181818182,0.4411764705882353,0.45454545454545453,0.44776119402985076
3,1,3,442,110,LightGBM,False,median imputation -> training-only SMOTE,0.5727272727272728,0.3554621848739496,0.3518769787426504,0.5643024546688048,"[[52, 0, 18], [2, 0, 4], [19, 4, 11]]",4,0,0.7428571428571429,0.7123287671232876,0.7272727272727273,0.0,0.0,0.0,0.3235294117647059,0.3333333333333333,0.3283582089552239
3,1,3,442,110,Support Vector Machine,True,median imputation -> StandardScaler -> training-only SMOTE,0.6727272727272727,0.5090569561157796,0.5224458204334366,0.671080776808331,"[[52, 1, 17], [1, 1, 4], [13, 0, 21]]",1,1,0.7428571428571429,0.7878787878787878,0.7647058823529411,0.16666666666666666,0.5,0.25,0.6176470588235294,0.5,0.5526315789473685
4,1,4,442,110,Logistic Regression,True,median imputation -> StandardScaler -> training-only SMOTE,0.5818181818181818,0.4595139464236399,0.43713995977775505,0.6054642833901961,"[[44, 6, 21], [1, 1, 3], [11, 4, 19]]",10,1,0.6197183098591549,0.7857142857142857,0.6929133858267716,0.2,0.09090909090909091,0.125,0.5588235294117647,0.4418604651162791,0.4935064935064935
4,1,4,442,110,Random Forest,False,median imputation -> training-only SMOTE,0.6090909090909091,0.4531621099143883,0.46602310732745517,0.6061451394455348,"[[51, 1, 19], [3, 1, 1], [18, 1, 15]]",2,1,0.7183098591549296,0.7083333333333334,0.7132867132867133,0.2,0.3333333333333333,0.25,0.4411764705882353,0.42857142857142855,0.43478260869565216
4,1,4,442,110,XGBoost,False,median imputation -> training-only SMOTE,0.6181818181818182,0.4578569455951395,0.4711328976034858,0.6138888888888888,"[[52, 1, 18], [3, 1, 1], [18, 1, 15]]",2,1,0.7323943661971831,0.7123287671232876,0.7222222222222222,0.2,0.3333333333333333,0.25,0.4411764705882353,0.4411764705882353,0.4411764705882353
4,1,4,442,110,LightGBM,False,median imputation -> training-only SMOTE,0.6454545454545455,0.471941452637393,0.4956333790927943,0.6376872973683442,"[[55, 0, 16], [2, 1, 2], [18, 1, 15]]",1,1,0.7746478873239436,0.7333333333333333,0.7534246575342466,0.2,0.5,0.2857142857142857,0.4411764705882353,0.45454545454545453,0.44776119402985076
4,1,4,442,110,Support Vector Machine,True,median imputation -> StandardScaler -> training-only SMOTE,0.6454545454545455,0.49237779618889815,0.5110135829560289,0.6453522755681029,"[[51, 1, 19], [2, 1, 2], [15, 0, 19]]",1,1,0.7183098591549296,0.75,0.7338129496402878,0.2,0.5,0.2857142857142857,0.5588235294117647,0.475,0.5135135135135135
5,1,5,442,110,Logistic Regression,True,median imputation -> StandardScaler -> training-only SMOTE,0.6181818181818182,0.4578569455951395,0.45892255892255895,0.6157483930211204,"[[52, 2, 17], [4, 1, 0], [17, 2, 15]]",4,1,0.7323943661971831,0.7123287671232876,0.7222222222222222,0.2,0.2,0.2,0.4411764705882353,0.46875,0.45454545454545453
5,1,5,442,110,Random Forest,False,median imputation -> training-only SMOTE,0.7,0.5205468102734051,0.5292198415486088,0.6947853668401615,"[[57, 3, 11], [3, 1, 1], [15, 0, 19]]",3,1,0.8028169014084507,0.76,0.7808219178082192,0.2,0.25,0.2222222222222222,0.5588235294117647,0.6129032258064516,0.5846153846153846
5,1,5,442,110,XGBoost,False,median imputation -> training-only SMOTE,0.5727272727272728,0.35708367854183926,0.3543694400837258,0.5619922934208648,"[[51, 3, 17], [3, 0, 2], [22, 0, 12]]",3,0,0.7183098591549296,0.6710526315789473,0.6938775510204082,0.0,0.0,0.0,0.35294117647058826,0.3870967741935484,0.36923076923076925
5,1,5,442,110,LightGBM,False,median imputation -> training-only SMOTE,0.6272727272727273,0.39547086440209883,0.3902777777777778,0.608560606060606,"[[55, 1, 15], [4, 0, 1], [20, 0, 14]]",1,0,0.7746478873239436,0.6962025316455697,0.7333333333333333,0.0,0.0,0.0,0.4117647058823529,0.4666666666666667,0.4375
5,1,5,442,110,Support Vector Machine,True,median imputation -> StandardScaler -> training-only SMOTE,0.6181818181818182,0.5147196906931787,0.5286427493324045,0.6142782052499921,"[[52, 1, 18], [3, 2, 0], [19, 1, 14]]",2,2,0.7323943661971831,0.7027027027027027,0.7172413793103448,0.4,0.5,0.4444444444444444,0.4117647058823529,0.4375,0.42424242424242425
6,2,1,441,111,Logistic Regression,True,median imputation -> StandardScaler -> training-only SMOTE,0.6306306306306306,0.5395036887994634,0.5070028011204482,0.640850934968582,"[[50, 4, 17], [1, 2, 2], [14, 3, 18]]",7,2,0.704225352112676,0.7692307692307693,0.7352941176470589,0.4,0.2222222222222222,0.2857142857142857,0.5142857142857142,0.4864864864864865,0.5
6,2,1,441,111,Random Forest,False,median imputation -> training-only SMOTE,0.6486486486486487,0.48209255533199197,0.5054187192118227,0.642444414858208,"[[54, 0, 17], [3, 1, 1], [17, 1, 17]]",1,1,0.7605633802816901,0.7297297297297297,0.7448275862068966,0.2,0.5,0.2857142857142857,0.4857142857142857,0.4857142857142857,0.4857142857142857
6,2,1,441,111,XGBoost,False,median imputation -> training-only SMOTE,0.6216216216216216,0.4535211267605634,0.46799071799071795,0.611795456390051,"[[54, 1, 16], [3, 1, 1], [20, 1, 14]]",2,1,0.7605633802816901,0.7012987012987013,0.7297297297297297,0.2,0.3333333333333333,0.25,0.4,0.45161290322580644,0.42424242424242425
6,2,1,441,111,LightGBM,False,median imputation -> training-only SMOTE,0.6756756756756757,0.49617706237424547,0.5352988970138123,0.6644144896173344,"[[57, 0, 14], [3, 1, 1], [18, 0, 17]]",0,1,0.8028169014084507,0.7307692307692307,0.7651006711409396,0.2,1.0,0.3333333333333333,0.4857142857142857,0.53125,0.5074626865671642
6,2,1,441,111,Support Vector Machine,True,median imputation -> StandardScaler -> training-only SMOTE,0.6576576576576577,0.48195841716968474,0.48840808353992937,0.6524601680788292,"[[56, 0, 15], [2, 1, 2], [16, 3, 16]]",3,1,0.7887323943661971,0.7567567567567568,0.7724137931034483,0.2,0.25,0.2222222222222222,0.45714285714285713,0.48484848484848486,0.47058823529411764
7,2,2,441,111,Logistic Regression,True,median imputation -> StandardScaler -> training-only SMOTE,0.6126126126126126,0.5282610696860904,0.5257000383582662,0.6186203464684477,"[[45, 2, 24], [4, 2, 0], [12, 1, 21]]",3,2,0.6338028169014085,0.7377049180327869,0.6818181818181818,0.3333333333333333,0.4,0.36363636363636365,0.6176470588235294,0.4666666666666667,0.5316455696202531
7,2,2,441,111,Random Forest,False,median imputation -> training-only SMOTE,0.6486486486486487,0.4808524348706619,0.4751116753655899,0.6571521161449219,"[[53, 4, 14], [3, 1, 2], [12, 4, 18]]",8,1,0.7464788732394366,0.7794117647058824,0.762589928057554,0.16666666666666666,0.1111111111111111,0.13333333333333333,0.5294117647058824,0.5294117647058824,0.5294117647058824
7,2,2,441,111,XGBoost,False,median imputation -> training-only SMOTE,0.6126126126126126,0.4263094909325232,0.4208809215432317,0.6057831940029044,"[[56, 4, 11], [4, 1, 1], [18, 5, 11]]",9,1,0.7887323943661971,0.717948717948718,0.7516778523489933,0.16666666666666666,0.1,0.125,0.3235294117647059,0.4782608695652174,0.38596491228070173
7,2,2,441,111,LightGBM,False,median imputation -> training-only SMOTE,0.6396396396396397,0.45061216975052937,0.46039879853798,0.624274344912712,"[[57, 1, 13], [4, 1, 1], [19, 2, 13]]",3,1,0.8028169014084507,0.7125,0.7549668874172185,0.16666666666666666,0.25,0.2,0.38235294117647056,0.48148148148148145,0.4262295081967213
7,2,2,441,111,Support Vector Machine,True,median imputation -> StandardScaler -> training-only SMOTE,0.6576576576576577,0.5210807327625886,0.5426227761798232,0.6482847180833758,"[[56, 1, 14], [4, 2, 0], [18, 1, 15]]",2,2,0.7887323943661971,0.717948717948718,0.7516778523489933,0.3333333333333333,0.5,0.4,0.4411764705882353,0.5172413793103449,0.47619047619047616
8,2,3,442,110,Logistic Regression,True,median imputation -> StandardScaler -> training-only SMOTE,0.509090909090909,0.3830065359477124,0.3725591804854602,0.5334424362587664,"[[42, 7, 21], [0, 1, 5], [16, 5, 13]]",12,1,0.6,0.7241379310344828,0.65625,0.16666666666666666,0.07692307692307693,0.10526315789473684,0.38235294117647056,0.3333333333333333,0.3561643835616438
8,2,3,442,110,Random Forest,False,median imputation -> training-only SMOTE,0.5636363636363636,0.411577964519141,0.4189647701896477,0.5669153084691532,"[[48, 0, 22], [1, 1, 4], [18, 3, 13]]",3,1,0.6857142857142857,0.7164179104477612,0.7007299270072993,0.16666666666666666,0.25,0.2,0.38235294117647056,0.3333333333333333,0.3561643835616438
8,2,3,442,110,XGBoost,False,median imputation -> training-only SMOTE,0.5545454545454546,0.35602240896358545,0.35060551915822913,0.5527749201364448,"[[48, 0, 22], [2, 0, 4], [18, 3, 13]]",3,0,0.6857142857142857,0.7058823529411765,0.6956521739130435,0.0,0.0,0.0,0.38235294117647056,0.3333333333333333,0.3561643835616438
8,2,3,442,110,LightGBM,False,median imputation -> training-only SMOTE,0.5454545454545454,0.34621848739495803,0.3413269384492406,0.5425332461303685,"[[48, 1, 21], [1, 0, 5], [20, 2, 12]]",3,0,0.6857142857142857,0.6956521739130435,0.6906474820143885,0.0,0.0,0.0,0.35294117647058826,0.3157894736842105,0.3333333333333333
8,2,3,442,110,Support Vector Machine,True,median imputation -> StandardScaler -> training-only SMOTE,0.5545454545454546,0.36610644257703084,0.3570306236972904,0.5540950631859723,"[[46, 1, 23], [1, 0, 5], [18, 1, 15]]",2,0,0.6571428571428571,0.7076923076923077,0.6814814814814815,0.0,0.0,0.0,0.4411764705882353,0.3488372093023256,0.38961038961038963
9,2,4,442,110,Logistic Regression,True,median imputation -> StandardScaler -> training-only SMOTE,0.5545454545454546,0.543827671913836,0.46251506629168343,0.5715782168815516,"[[44, 6, 21], [1, 3, 1], [15, 5, 14]]",11,3,0.6197183098591549,0.7333333333333333,0.6717557251908397,0.6,0.21428571428571427,0.3157894736842105,0.4117647058823529,0.3888888888888889,0.4
9,2,4,442,110,Random Forest,False,median imputation -> training-only SMOTE,0.7,0.5723004694835682,0.5649621212121212,0.6970971074380166,"[[58, 2, 11], [1, 2, 2], [15, 2, 17]]",4,2,0.8169014084507042,0.7837837837837838,0.8,0.4,0.3333333333333333,0.36363636363636365,0.5,0.5666666666666667,0.53125
9,2,4,442,110,XGBoost,False,median imputation -> training-only SMOTE,0.6181818181818182,0.5613642640154654,0.5321321321321322,0.6070679770679771,"[[54, 2, 15], [2, 3, 0], [21, 2, 11]]",4,3,0.7605633802816901,0.7012987012987013,0.7297297297297297,0.6,0.42857142857142855,0.5,0.3235294117647059,0.4230769230769231,0.36666666666666664
9,2,4,442,110,LightGBM,False,median imputation -> training-only SMOTE,0.6727272727272727,0.6617232808616405,0.6234234234234234,0.6614168714168714,"[[57, 1, 13], [1, 4, 0], [19, 2, 13]]",3,4,0.8028169014084507,0.7402597402597403,0.7702702702702703,0.8,0.5714285714285714,0.6666666666666666,0.38235294117647056,0.5,0.43333333333333335
9,2,4,442,110,Support Vector Machine,True,median imputation -> StandardScaler -> training-only SMOTE,0.6272727272727273,0.5864954432477216,0.5700117571206432,0.6280815895902937,"[[51, 2, 18], [1, 3, 1], [18, 1, 15]]",3,3,0.7183098591549296,0.7285714285714285,0.723404255319149,0.6,0.5,0.5454545454545454,0.4411764705882353,0.4411764705882353,0.4411764705882353
10,2,5,442,110,Logistic Regression,True,median imputation -> StandardScaler -> training-only SMOTE,0.6363636363636364,0.5343275338304335,0.4987929965173417,0.6475558504755585,"[[52, 3, 16], [1, 2, 2], [13, 5, 16]]",8,2,0.7323943661971831,0.7878787878787878,0.7591240875912408,0.4,0.2,0.26666666666666666,0.47058823529411764,0.47058823529411764,0.47058823529411764
10,2,5,442,110,Random Forest,False,median imputation -> training-only SMOTE,0.6636363636363637,0.4915492957746479,0.49301346801346796,0.6613751147842056,"[[55, 3, 13], [2, 1, 2], [16, 1, 17]]",4,1,0.7746478873239436,0.7534246575342466,0.7638888888888888,0.2,0.2,0.2,0.5,0.53125,0.5151515151515151
10,2,5,442,110,XGBoost,False,median imputation -> training-only SMOTE,0.6909090909090909,0.515851974592654,0.5223880597014925,0.6874265038444143,"[[56, 2, 13], [3, 1, 1], [14, 1, 19]]",3,1,0.7887323943661971,0.7671232876712328,0.7777777777777778,0.2,0.25,0.2222222222222222,0.5588235294117647,0.5757575757575758,0.5671641791044776
10,2,5,442,110,LightGBM,False,median imputation -> training-only SMOTE,0.6545454545454545,0.4868544600938967,0.5,0.65,"[[54, 1, 16], [3, 1, 1], [16, 1, 17]]",2,1,0.7605633802816901,0.7397260273972602,0.75,0.2,0.3333333333333333,0.25,0.5,0.5,0.5
10,2,5,442,110,Support Vector Machine,True,median imputation -> StandardScaler -> training-only SMOTE,0.6636363636363637,0.5535211267605634,0.5659204826381802,0.6634167764602547,"[[54, 1, 16], [1, 2, 2], [16, 1, 17]]",2,2,0.7605633802816901,0.7605633802816901,0.7605633802816901,0.4,0.5,0.4444444444444444,0.5,0.4857142857142857,0.4927536231884058
11,3,1,441,111,Logistic Regression,True,median imputation -> StandardScaler -> training-only SMOTE,0.5135135135135135,0.38269617706237424,0.3652485095498859,0.5348856148063772,"[[45, 6, 20], [1, 1, 3], [17, 7, 11]]",13,1,0.6338028169014085,0.7142857142857143,0.6716417910447762,0.2,0.07142857142857142,0.10526315789473684,0.3142857142857143,0.3235294117647059,0.3188405797101449
11,3,1,441,111,Random Forest,False,median imputation -> training-only SMOTE,0.6036036036036037,0.5012743125419182,0.4916057122953674,0.5993711579918476,"[[52, 3, 16], [1, 2, 2], [21, 1, 13]]",4,2,0.7323943661971831,0.7027027027027027,0.7172413793103448,0.4,0.3333333333333333,0.36363636363636365,0.37142857142857144,0.41935483870967744,0.3939393939393939
11,3,1,441,111,XGBoost,False,median imputation -> training-only SMOTE,0.6036036036036037,0.49161636485580146,0.48110242935962794,0.5918975126595823,"[[54, 3, 14], [1, 2, 2], [23, 1, 11]]",4,2,0.7605633802816901,0.6923076923076923,0.7248322147651006,0.4,0.3333333333333333,0.36363636363636365,0.3142857142857143,0.4074074074074074,0.3548387096774194
11,3,1,441,111,LightGBM,False,median imputation -> training-only SMOTE,0.6036036036036037,0.429644533869886,0.4349206349206349,0.5891891891891893,"[[55, 2, 14], [1, 1, 3], [23, 1, 11]]",3,1,0.7746478873239436,0.6962025316455697,0.7333333333333333,0.2,0.25,0.2222222222222222,0.3142857142857143,0.39285714285714285,0.3492063492063492
11,3,1,441,111,Support Vector Machine,True,median imputation -> StandardScaler -> training-only SMOTE,0.6126126126126126,0.37719651240778,0.37587301587301586,0.5977177177177176,"[[56, 1, 14], [3, 0, 2], [20, 3, 12]]",4,0,0.7887323943661971,0.7088607594936709,0.7466666666666667,0.0,0.0,0.0,0.34285714285714286,0.42857142857142855,0.38095238095238093
12,3,2,441,111,Logistic Regression,True,median imputation -> StandardScaler -> training-only SMOTE,0.5765765765765766,0.4941544692994569,0.4753550543024227,0.5869629027523764,"[[44, 3, 24], [4, 2, 0], [13, 3, 18]]",6,2,0.6197183098591549,0.7213114754098361,0.6666666666666666,0.3333333333333333,0.25,0.2857142857142857,0.5294117647058824,0.42857142857142855,0.47368421052631576
12,3,2,441,111,Random Forest,False,median imputation -> training-only SMOTE,0.6666666666666666,0.48002393445641167,0.483371126228269,0.6606402320688035,"[[57, 3, 11], [3, 1, 2], [16, 2, 16]]",5,1,0.8028169014084507,0.75,0.7755102040816326,0.16666666666666666,0.16666666666666666,0.16666666666666666,0.47058823529411764,0.5517241379310345,0.5079365079365079
12,3,2,441,111,XGBoost,False,median imputation -> training-only SMOTE,0.6126126126126126,0.4416367485961521,0.439445356686736,0.6114567769740183,"[[53, 3, 15], [5, 1, 0], [16, 4, 14]]",7,1,0.7464788732394366,0.7162162162162162,0.7310344827586207,0.16666666666666666,0.125,0.14285714285714285,0.4117647058823529,0.4827586206896552,0.4444444444444444
12,3,2,441,111,LightGBM,False,median imputation -> training-only SMOTE,0.6036036036036037,0.4369419129154009,0.4361958443854996,0.6011010347217243,"[[52, 3, 16], [5, 1, 0], [17, 3, 14]]",6,1,0.7323943661971831,0.7027027027027027,0.7172413793103448,0.16666666666666666,0.14285714285714285,0.15384615384615385,0.4117647058823529,0.4666666666666667,0.4375
12,3,2,441,111,Support Vector Machine,True,median imputation -> StandardScaler -> training-only SMOTE,0.6396396396396397,0.4355150510908589,0.4241545893719807,0.6361404883144013,"[[51, 2, 18], [3, 0, 3], [13, 1, 20]]",3,0,0.7183098591549296,0.7611940298507462,0.7391304347826086,0.0,0.0,0.0,0.5882352941176471,0.4878048780487805,0.5333333333333333
13,3,3,442,110,Logistic Regression,True,median imputation -> StandardScaler -> training-only SMOTE,0.6181818181818182,0.49598506069094306,0.48581048581048586,0.615768070313525,"[[52, 5, 13], [2, 2, 2], [19, 1, 14]]",6,2,0.7428571428571429,0.7123287671232876,0.7272727272727273,0.3333333333333333,0.25,0.2857142857142857,0.4117647058823529,0.4827586206896552,0.4444444444444444
13,3,3,442,110,Random Forest,False,median imputation -> training-only SMOTE,0.5818181818181818,0.36526610644257707,0.3648599224636091,0.5698645440580925,"[[52, 4, 14], [4, 0, 2], [21, 1, 12]]",5,0,0.7428571428571429,0.6753246753246753,0.7074829931972789,0.0,0.0,0.0,0.35294117647058826,0.42857142857142855,0.3870967741935484
13,3,3,442,110,XGBoost,False,median imputation -> training-only SMOTE,0.5454545454545454,0.32605042016806723,0.3200241984271022,0.5206731562448441,"[[52, 3, 15], [5, 0, 1], [25, 1, 8]]",4,0,0.7428571428571429,0.6341463414634146,0.6842105263157895,0.0,0.0,0.0,0.23529411764705882,0.3333333333333333,0.27586206896551724
13,3,3,442,110,LightGBM,False,median imputation -> training-only SMOTE,0.5727272727272728,0.34033613445378147,0.3316624895572264,0.5413078149920255,"[[55, 2, 13], [4, 0, 2], [25, 1, 8]]",3,0,0.7857142857142857,0.6547619047619048,0.7142857142857143,0.0,0.0,0.0,0.23529411764705882,0.34782608695652173,0.2807017543859649
13,3,3,442,110,Support Vector Machine,True,median imputation -> StandardScaler -> training-only SMOTE,0.5909090909090909,0.4208216619981326,0.42882404951370473,0.5814612973233664,"[[52, 3, 15], [1, 1, 4], [22, 0, 12]]",3,1,0.7428571428571429,0.6933333333333334,0.7172413793103448,0.16666666666666666,0.25,0.2,0.35294117647058826,0.3870967741935484,0.36923076923076925
14,3,4,442,110,Logistic Regression,True,median imputation -> StandardScaler -> training-only SMOTE,0.6363636363636364,0.6633802816901408,0.534110334110334,0.6609535918626828,"[[49, 8, 14], [0, 4, 1], [10, 7, 17]]",15,4,0.6901408450704225,0.8305084745762712,0.7538461538461538,0.8,0.21052631578947367,0.3333333333333333,0.5,0.53125,0.5151515151515151
14,3,4,442,110,Random Forest,False,median imputation -> training-only SMOTE,0.6272727272727273,0.4107981220657277,0.41252955082742315,0.6306254029658285,"[[52, 4, 15], [3, 0, 2], [15, 2, 17]]",6,0,0.7323943661971831,0.7428571428571429,0.7375886524822695,0.0,0.0,0.0,0.5,0.5,0.5
14,3,4,442,110,XGBoost,False,median imputation -> training-only SMOTE,0.6,0.43824910245788457,0.44416804864566056,0.5962083521785014,"[[52, 1, 18], [2, 1, 2], [19, 2, 13]]",3,1,0.7323943661971831,0.7123287671232876,0.7222222222222222,0.2,0.25,0.2222222222222222,0.38235294117647056,0.3939393939393939,0.3880597014925373
14,3,4,442,110,LightGBM,False,median imputation -> training-only SMOTE,0.6,0.38138635735984533,0.377995642701525,0.5934343434343434,"[[52, 1, 18], [3, 0, 2], [18, 2, 14]]",3,0,0.7323943661971831,0.7123287671232876,0.7222222222222222,0.0,0.0,0.0,0.4117647058823529,0.4117647058823529,0.4117647058823529
14,3,4,442,110,Support Vector Machine,True,median imputation -> StandardScaler -> training-only SMOTE,0.6181818181818182,0.5300469483568074,0.5397441236857295,0.6239287728338823,"[[49, 0, 22], [2, 2, 1], [15, 2, 17]]",2,2,0.6901408450704225,0.7424242424242424,0.7153284671532847,0.4,0.5,0.4444444444444444,0.5,0.425,0.4594594594594595
15,3,5,442,110,Logistic Regression,True,median imputation -> StandardScaler -> training-only SMOTE,0.5727272727272728,0.6305164319248826,0.5090569158307267,0.5890567850874182,"[[42, 7, 22], [1, 4, 0], [13, 4, 17]]",11,4,0.5915492957746479,0.75,0.6614173228346457,0.8,0.26666666666666666,0.4,0.5,0.4358974358974359,0.4657534246575342
15,3,5,442,110,Random Forest,False,median imputation -> training-only SMOTE,0.7,0.7064623032311518,0.6823694291320191,0.7023543101764161,"[[54, 0, 17], [1, 4, 0], [13, 2, 19]]",2,4,0.7605633802816901,0.7941176470588235,0.7769784172661871,0.8,0.6666666666666666,0.7272727272727273,0.5588235294117647,0.5277777777777778,0.5428571428571428
15,3,5,442,110,XGBoost,False,median imputation -> training-only SMOTE,0.6454545454545455,0.6629660314830158,0.6619047619047619,0.6479220779220779,"[[51, 0, 20], [1, 4, 0], [17, 1, 16]]",1,4,0.7183098591549296,0.7391304347826086,0.7285714285714285,0.8,0.8,0.8,0.47058823529411764,0.4444444444444444,0.45714285714285713
15,3,5,442,110,LightGBM,False,median imputation -> training-only SMOTE,0.6545454545454545,0.6056890361778514,0.6261712144065085,0.6542063996609451,"[[53, 0, 18], [2, 3, 0], [17, 1, 16]]",1,3,0.7464788732394366,0.7361111111111112,0.7412587412587412,0.6,0.75,0.6666666666666666,0.47058823529411764,0.47058823529411764,0.47058823529411764
15,3,5,442,110,Support Vector Machine,True,median imputation -> StandardScaler -> training-only SMOTE,0.6909090909090909,0.6449047224523613,0.6868450445123354,0.6956729261671609,"[[53, 0, 18], [1, 3, 1], [14, 0, 20]]",0,3,0.7464788732394366,0.7794117647058824,0.762589928057554,0.6,1.0,0.75,0.5882352941176471,0.5128205128205128,0.547945205479452
16,4,1,441,111,Logistic Regression,True,median imputation -> StandardScaler -> training-only SMOTE,0.5585585585585585,0.43031522468142186,0.41540517961570594,0.5738083948610264,"[[45, 4, 22], [2, 1, 2], [15, 4, 16]]",8,1,0.6338028169014085,0.7258064516129032,0.6766917293233082,0.2,0.1111111111111111,0.14285714285714285,0.45714285714285713,0.4,0.4266666666666667
16,4,1,441,111,Random Forest,False,median imputation -> training-only SMOTE,0.6126126126126126,0.3820254862508383,0.3794183445190156,0.5983433097527058,"[[55, 2, 14], [2, 0, 3], [21, 1, 13]]",3,0,0.7746478873239436,0.7051282051282052,0.738255033557047,0.0,0.0,0.0,0.37142857142857144,0.43333333333333335,0.4
16,4,1,441,111,XGBoost,False,median imputation -> training-only SMOTE,0.5855855855855856,0.35828303152246815,0.3545833333333333,0.5689301801801802,"[[54, 2, 15], [2, 0, 3], [23, 1, 11]]",3,0,0.7605633802816901,0.6835443037974683,0.72,0.0,0.0,0.0,0.3142857142857143,0.3793103448275862,0.34375
16,4,1,441,111,LightGBM,False,median imputation -> training-only SMOTE,0.5855855855855856,0.35828303152246815,0.3545833333333333,0.5689301801801802,"[[54, 2, 15], [2, 0, 3], [23, 1, 11]]",3,0,0.7605633802816901,0.6835443037974683,0.72,0.0,0.0,0.0,0.3142857142857143,0.3793103448275862,0.34375
16,4,1,441,111,Support Vector Machine,True,median imputation -> StandardScaler -> training-only SMOTE,0.5585585585585585,0.349027498323273,0.3442113442113442,0.5524055524055523,"[[50, 0, 21], [1, 0, 4], [21, 2, 12]]",2,0,0.704225352112676,0.6944444444444444,0.6993006993006993,0.0,0.0,0.0,0.34285714285714286,0.32432432432432434,0.3333333333333333
17,4,2,441,111,Logistic Regression,True,median imputation -> StandardScaler -> training-only SMOTE,0.4774774774774775,0.45760839547086446,0.40551923984095967,0.4899503924707779,"[[39, 6, 26], [3, 3, 0], [19, 4, 11]]",10,3,0.5492957746478874,0.639344262295082,0.5909090909090909,0.5,0.23076923076923078,0.3157894736842105,0.3235294117647059,0.2972972972972973,0.30985915492957744
17,4,2,441,111,Random Forest,False,median imputation -> training-only SMOTE,0.6126126126126126,0.5433581883457608,0.5046151439299124,0.6158049476259739,"[[51, 4, 16], [3, 3, 0], [16, 4, 14]]",8,3,0.7183098591549296,0.7285714285714285,0.723404255319149,0.5,0.2727272727272727,0.35294117647058826,0.4117647058823529,0.4666666666666667,0.4375
17,4,2,441,111,XGBoost,False,median imputation -> training-only SMOTE,0.5405405405405406,0.4598177299088649,0.40983306074107495,0.5202353388298907,"[[52, 3, 16], [2, 3, 1], [24, 5, 5]]",8,3,0.7323943661971831,0.6666666666666666,0.697986577181208,0.5,0.2727272727272727,0.35294117647058826,0.14705882352941177,0.22727272727272727,0.17857142857142858
17,4,2,441,111,LightGBM,False,median imputation -> training-only SMOTE,0.5405405405405406,0.4242842676976894,0.404631085161065,0.5328663943530326,"[[50, 3, 18], [3, 2, 1], [22, 4, 8]]",7,2,0.704225352112676,0.6666666666666666,0.684931506849315,0.3333333333333333,0.2222222222222222,0.26666666666666666,0.23529411764705882,0.2962962962962963,0.26229508196721313
17,4,2,441,111,Support Vector Machine,True,median imputation -> StandardScaler -> training-only SMOTE,0.5135135135135135,0.33402375034520854,0.33283338332833384,0.5199588149293178,"[[44, 3, 24], [4, 0, 2], [18, 3, 13]]",6,0,0.6197183098591549,0.6666666666666666,0.6423357664233577,0.0,0.0,0.0,0.38235294117647056,0.3333333333333333,0.3561643835616438
18,4,3,442,110,Logistic Regression,True,median imputation -> StandardScaler -> training-only SMOTE,0.6454545454545455,0.6521942110177404,0.568251273344652,0.6626423830838093,"[[45, 7, 18], [0, 4, 2], [9, 3, 22]]",10,4,0.6428571428571429,0.8333333333333334,0.7258064516129032,0.6666666666666666,0.2857142857142857,0.4,0.6470588235294118,0.5238095238095238,0.5789473684210527
18,4,3,442,110,Random Forest,False,median imputation -> training-only SMOTE,0.6454545454545455,0.5253968253968254,0.572153963972963,0.6446626892236721,"[[52, 0, 18], [2, 2, 2], [17, 0, 17]]",0,2,0.7428571428571429,0.7323943661971831,0.7375886524822695,0.3333333333333333,1.0,0.5,0.5,0.4594594594594595,0.4788732394366197
18,4,3,442,110,XGBoost,False,median imputation -> training-only SMOTE,0.6,0.4407096171802054,0.4708249496981891,0.5943296140479238,"[[50, 0, 20], [3, 1, 2], [19, 0, 15]]",0,1,0.7142857142857143,0.6944444444444444,0.704225352112676,0.16666666666666666,1.0,0.2857142857142857,0.4411764705882353,0.40540540540540543,0.4225352112676056
18,4,3,442,110,LightGBM,False,median imputation -> training-only SMOTE,0.6545454545454545,0.4894491129785248,0.5163731245923026,0.6492083259206547,"[[52, 0, 18], [3, 1, 2], [15, 0, 19]]",0,1,0.7428571428571429,0.7428571428571429,0.7428571428571429,0.16666666666666666,1.0,0.2857142857142857,0.5588235294117647,0.48717948717948717,0.5205479452054794
18,4,3,442,110,Support Vector Machine,True,median imputation -> StandardScaler -> training-only SMOTE,0.6454545454545455,0.48468720821662,0.5014536316152557,0.6415048782891494,"[[51, 1, 18], [3, 1, 2], [15, 0, 19]]",1,1,0.7285714285714285,0.7391304347826086,0.7338129496402878,0.16666666666666666,0.5,0.25,0.5588235294117647,0.48717948717948717,0.5205479452054794
19,4,4,442,110,Logistic Regression,True,median imputation -> StandardScaler -> training-only SMOTE,0.6454545454545455,0.5390223695111848,0.5004448560119114,0.6583919321772029,"[[53, 2, 16], [2, 2, 1], [11, 7, 16]]",9,2,0.7464788732394366,0.803030303030303,0.7737226277372263,0.4,0.18181818181818182,0.25,0.47058823529411764,0.48484848484848486,0.47761194029850745
19,4,4,442,110,Random Forest,False,median imputation -> training-only SMOTE,0.5909090909090909,0.4437724385528859,0.4354950821951134,0.5970317816892731,"[[49, 4, 18], [2, 1, 2], [17, 2, 15]]",6,1,0.6901408450704225,0.7205882352941176,0.7050359712230215,0.2,0.14285714285714285,0.16666666666666666,0.4411764705882353,0.42857142857142855,0.43478260869565216
19,4,4,442,110,XGBoost,False,median imputation -> training-only SMOTE,0.6454545454545455,0.5339132836233085,0.5257379832810868,0.642167640353377,"[[54, 3, 14], [2, 2, 1], [18, 1, 15]]",4,2,0.7605633802816901,0.7297297297297297,0.7448275862068966,0.4,0.3333333333333333,0.36363636363636365,0.4411764705882353,0.5,0.46875
19,4,4,442,110,LightGBM,False,median imputation -> training-only SMOTE,0.6272727272727273,0.5194145263739299,0.5201178451178451,0.6244375573921029,"[[53, 1, 17], [2, 2, 1], [18, 2, 14]]",3,2,0.7464788732394366,0.726027397260274,0.7361111111111112,0.4,0.4,0.4,0.4117647058823529,0.4375,0.42424242424242425
19,4,4,442,110,Support Vector Machine,True,median imputation -> StandardScaler -> training-only SMOTE,0.6727272727272727,0.5735432201049434,0.5705272401796874,0.6752475612339833,"[[52, 2, 17], [3, 2, 0], [13, 1, 20]]",3,2,0.7323943661971831,0.7647058823529411,0.7482014388489209,0.4,0.4,0.4,0.5882352941176471,0.5405405405405406,0.5633802816901409
20,4,5,442,110,Logistic Regression,True,median imputation -> StandardScaler -> training-only SMOTE,0.6454545454545455,0.49237779618889815,0.48412204234122047,0.6532520095097928,"[[51, 2, 18], [2, 1, 2], [12, 3, 19]]",5,1,0.7183098591549296,0.7846153846153846,0.75,0.2,0.16666666666666666,0.18181818181818182,0.5588235294117647,0.48717948717948717,0.5205479452054794
20,4,5,442,110,Random Forest,False,median imputation -> training-only SMOTE,0.6909090909090909,0.5005247169290251,0.5044754431851206,0.68324086549893,"[[59, 2, 10], [2, 1, 2], [16, 2, 16]]",4,1,0.8309859154929577,0.7662337662337663,0.7972972972972973,0.2,0.2,0.2,0.47058823529411764,0.5714285714285714,0.5161290322580645
20,4,5,442,110,XGBoost,False,median imputation -> training-only SMOTE,0.6272727272727273,0.44722452361226184,0.4483734917666043,0.6158743336100582,"[[56, 2, 13], [2, 1, 2], [20, 2, 12]]",4,1,0.7887323943661971,0.717948717948718,0.7516778523489933,0.2,0.2,0.2,0.35294117647058826,0.4444444444444444,0.39344262295081966
20,4,5,442,110,LightGBM,False,median imputation -> training-only SMOTE,0.6727272727272727,0.48091687379177017,0.4901152808437577,0.6587383771489731,"[[59, 2, 10], [2, 1, 2], [19, 1, 14]]",3,1,0.8309859154929577,0.7375,0.7814569536423841,0.2,0.25,0.2222222222222222,0.4117647058823529,0.5384615384615384,0.4666666666666667
20,4,5,442,110,Support Vector Machine,True,median imputation -> StandardScaler -> training-only SMOTE,0.6545454545454545,0.46130903065451534,0.46789305862153546,0.6381323165429127,"[[59, 1, 11], [1, 1, 3], [20, 2, 12]]",3,1,0.8309859154929577,0.7375,0.7814569536423841,0.2,0.25,0.2222222222222222,0.35294117647058826,0.46153846153846156,0.4
21,5,1,441,111,Logistic Regression,True,median imputation -> StandardScaler -> training-only SMOTE,0.6216216216216216,0.5541247484909456,0.5080540858318636,0.6401798624020846,"[[45, 4, 22], [1, 2, 2], [9, 4, 22]]",8,2,0.6338028169014085,0.8181818181818182,0.7142857142857143,0.4,0.2,0.26666666666666666,0.6285714285714286,0.4782608695652174,0.5432098765432098
21,5,1,441,111,Random Forest,False,median imputation -> training-only SMOTE,0.6396396396396397,0.4967136150234741,0.4899349406812094,0.6465903331574974,"[[49, 2, 20], [2, 1, 2], [12, 2, 21]]",4,1,0.6901408450704225,0.7777777777777778,0.7313432835820896,0.2,0.2,0.2,0.6,0.4883720930232558,0.5384615384615384
21,5,1,441,111,XGBoost,False,median imputation -> training-only SMOTE,0.6306306306306306,0.4871898054996646,0.4874303256656198,0.6347269729622671,"[[49, 2, 20], [2, 1, 2], [14, 1, 20]]",3,1,0.6901408450704225,0.7538461538461538,0.7205882352941176,0.2,0.25,0.2222222222222222,0.5714285714285714,0.47619047619047616,0.5194805194805194
21,5,1,441,111,LightGBM,False,median imputation -> training-only SMOTE,0.6666666666666666,0.5059691482226694,0.5165727517082807,0.6649006190685001,"[[53, 2, 16], [2, 1, 2], [15, 0, 20]]",2,1,0.7464788732394366,0.7571428571428571,0.75177304964539,0.2,0.3333333333333333,0.25,0.5714285714285714,0.5263157894736842,0.547945205479452
21,5,1,441,111,Support Vector Machine,True,median imputation -> StandardScaler -> training-only SMOTE,0.5855855855855856,0.4637156270959088,0.4601944136827858,0.5965034802244106,"[[44, 0, 27], [2, 1, 2], [12, 3, 20]]",3,1,0.6197183098591549,0.7586206896551724,0.6821705426356589,0.2,0.25,0.2222222222222222,0.5714285714285714,0.40816326530612246,0.47619047619047616
22,5,2,441,111,Logistic Regression,True,median imputation -> StandardScaler -> training-only SMOTE,0.5585585585585585,0.4236859062873976,0.4143441099962839,0.58958289393072,"[[45, 11, 15], [1, 1, 4], [13, 5, 16]]",16,1,0.6338028169014085,0.7627118644067796,0.6923076923076923,0.16666666666666666,0.058823529411764705,0.08695652173913043,0.47058823529411764,0.45714285714285713,0.463768115942029
22,5,2,441,111,Random Forest,False,median imputation -> training-only SMOTE,0.5855855855855856,0.392018779342723,0.3864052287581699,0.590369192722134,"[[48, 4, 19], [1, 0, 5], [16, 1, 17]]",5,0,0.676056338028169,0.7384615384615385,0.7058823529411765,0.0,0.0,0.0,0.5,0.4146341463414634,0.4533333333333333
22,5,2,441,111,XGBoost,False,median imputation -> training-only SMOTE,0.5675675675675675,0.35708367854183926,0.35375816993464054,0.5611861861861862,"[[51, 2, 18], [2, 0, 4], [20, 2, 12]]",4,0,0.7183098591549296,0.6986301369863014,0.7083333333333334,0.0,0.0,0.0,0.35294117647058826,0.35294117647058826,0.35294117647058826
22,5,2,441,111,LightGBM,False,median imputation -> training-only SMOTE,0.5495495495495496,0.33236674951670814,0.32790028763183127,0.533975970217581,"[[52, 3, 16], [2, 0, 4], [24, 1, 9]]",4,0,0.7323943661971831,0.6666666666666666,0.697986577181208,0.0,0.0,0.0,0.2647058823529412,0.3103448275862069,0.2857142857142857
22,5,2,441,111,Support Vector Machine,True,median imputation -> StandardScaler -> training-only SMOTE,0.5945945945945946,0.4984350547730829,0.48258800222270537,0.6034859386457561,"[[47, 5, 19], [1, 2, 3], [16, 1, 17]]",6,2,0.6619718309859155,0.734375,0.6962962962962963,0.3333333333333333,0.25,0.2857142857142857,0.5,0.4358974358974359,0.4657534246575342
23,5,3,442,110,Logistic Regression,True,median imputation -> StandardScaler -> training-only SMOTE,0.4818181818181818,0.4803921568627451,0.4112710960537047,0.5058663997399175,"[[35, 9, 26], [1, 3, 2], [14, 5, 15]]",14,3,0.5,0.7,0.5833333333333334,0.5,0.17647058823529413,0.2608695652173913,0.4411764705882353,0.3488372093023256,0.38961038961038963
23,5,3,442,110,Random Forest,False,median imputation -> training-only SMOTE,0.6181818181818182,0.5010270774976657,0.532512304098342,0.6157360500287629,"[[51, 1, 18], [2, 2, 2], [19, 0, 15]]",1,2,0.7285714285714285,0.7083333333333334,0.7183098591549296,0.3333333333333333,0.6666666666666666,0.4444444444444444,0.4411764705882353,0.42857142857142855,0.43478260869565216
23,5,3,442,110,XGBoost,False,median imputation -> training-only SMOTE,0.6090909090909091,0.496265172735761,0.5151339409003037,0.6063252240717029,"[[50, 2, 18], [3, 2, 1], [19, 0, 15]]",2,2,0.7142857142857143,0.6944444444444444,0.704225352112676,0.3333333333333333,0.5,0.4,0.4411764705882353,0.4411764705882353,0.4411764705882353
23,5,3,442,110,LightGBM,False,median imputation -> training-only SMOTE,0.6181818181818182,0.49094304388422033,0.5112622826908542,0.6082539682539683,"[[53, 2, 15], [3, 2, 1], [21, 0, 13]]",2,2,0.7571428571428571,0.6883116883116883,0.7210884353741497,0.3333333333333333,0.5,0.4,0.38235294117647056,0.4482758620689655,0.4126984126984127
23,5,3,442,110,Support Vector Machine,True,median imputation -> StandardScaler -> training-only SMOTE,0.6181818181818182,0.5111111111111111,0.526682564917859,0.6223890735655441,"[[49, 1, 20], [1, 2, 3], [16, 1, 17]]",2,2,0.7,0.7424242424242424,0.7205882352941176,0.3333333333333333,0.5,0.4,0.5,0.425,0.4594594594594595
24,5,4,442,110,Logistic Regression,True,median imputation -> StandardScaler -> training-only SMOTE,0.5909090909090909,0.3766915216790942,0.3881940601365062,0.6067897570055844,"[[51, 6, 14], [2, 0, 3], [15, 5, 14]]",11,0,0.7183098591549296,0.75,0.7338129496402878,0.0,0.0,0.0,0.4117647058823529,0.45161290322580644,0.4307692307692308
24,5,4,442,110,Random Forest,False,median imputation -> training-only SMOTE,0.6545454545454545,0.4248826291079812,0.4188808373590982,0.645361220904699,"[[55, 1, 15], [2, 0, 3], [16, 1, 17]]",2,0,0.7746478873239436,0.7534246575342466,0.7638888888888888,0.0,0.0,0.0,0.5,0.4857142857142857,0.4927536231884058
24,5,4,442,110,XGBoost,False,median imputation -> training-only SMOTE,0.6636363636363637,0.41935929301297986,0.4157578299776286,0.6473878889566809,"[[58, 1, 12], [2, 0, 3], [18, 1, 15]]",2,0,0.8169014084507042,0.7435897435897436,0.7785234899328859,0.0,0.0,0.0,0.4411764705882353,0.5,0.46875
24,5,4,442,110,LightGBM,False,median imputation -> training-only SMOTE,0.6818181818181818,0.4338580502623584,0.4263247863247863,0.659925407925408,"[[59, 0, 12], [2, 0, 3], [18, 0, 16]]",0,0,0.8309859154929577,0.7468354430379747,0.7866666666666666,0.0,0.0,0.0,0.47058823529411764,0.5161290322580645,0.49230769230769234
24,5,4,442,110,Support Vector Machine,True,median imputation -> StandardScaler -> training-only SMOTE,0.6454545454545455,0.46172328086164044,0.4998611111111111,0.6312651515151515,"[[57, 0, 14], [1, 1, 3], [21, 0, 13]]",0,1,0.8028169014084507,0.7215189873417721,0.76,0.2,1.0,0.3333333333333333,0.38235294117647056,0.43333333333333335,0.40625
25,5,5,442,110,Logistic Regression,True,median imputation -> StandardScaler -> training-only SMOTE,0.6181818181818182,0.5715824357912179,0.502464205106503,0.6245409821875121,"[[52, 3, 16], [1, 3, 1], [15, 6, 13]]",9,3,0.7323943661971831,0.7647058823529411,0.7482014388489209,0.6,0.25,0.35294117647058826,0.38235294117647056,0.43333333333333335,0.40625
25,5,5,442,110,Random Forest,False,median imputation -> training-only SMOTE,0.6545454545454545,0.5130626898646783,0.4818527800983941,0.6370345054555582,"[[60, 2, 9], [2, 2, 1], [19, 5, 10]]",7,2,0.8450704225352113,0.7407407407407407,0.7894736842105263,0.4,0.2222222222222222,0.2857142857142857,0.29411764705882354,0.5,0.37037037037037035
25,5,5,442,110,XGBoost,False,median imputation -> training-only SMOTE,0.6454545454545455,0.436177851422259,0.42081447963800905,0.6170163170163169,"[[62, 2, 7], [2, 1, 2], [21, 5, 8]]",7,1,0.8732394366197183,0.7294117647058823,0.7948717948717948,0.2,0.125,0.15384615384615385,0.23529411764705882,0.47058823529411764,0.3137254901960784
25,5,5,442,110,LightGBM,False,median imputation -> training-only SMOTE,0.6545454545454545,0.4459817729908864,0.43589743589743585,0.6276223776223776,"[[62, 2, 7], [2, 1, 2], [21, 4, 9]]",6,1,0.8732394366197183,0.7294117647058823,0.7948717948717948,0.2,0.14285714285714285,0.16666666666666666,0.2647058823529412,0.5,0.34615384615384615
25,5,5,442,110,Support Vector Machine,True,median imputation -> StandardScaler -> training-only SMOTE,0.6,0.47978458989229494,0.45209738961185386,0.5864208459903901,"[[55, 2, 14], [2, 2, 1], [21, 4, 9]]",6,2,0.7746478873239436,0.7051282051282052,0.738255033557047,0.4,0.25,0.3076923076923077,0.2647058823529412,0.375,0.3103448275862069
