random_seed,train_patient_count,test_patient_count,model,scaled_features,preprocessing,accuracy,balanced_accuracy,macro_f1,weighted_f1,confusion_matrix,false_pathological_predictions,true_pathological_detections,normal_recall,normal_precision,normal_f1,pathological_recall,pathological_precision,pathological_f1,suspicious_recall,suspicious_precision,suspicious_f1
0,441,111,Logistic Regression,True,median imputation -> StandardScaler -> training-only SMOTE,0.5585585585585585,0.43390407806315007,0.4215773809523809,0.5753177284427284,"[[43, 3, 25], [2, 1, 3], [12, 4, 18]]",7,1,0.6056338028169014,0.7543859649122807,0.671875,0.16666666666666666,0.125,0.14285714285714285,0.5294117647058824,0.391304347826087,0.45
0,441,111,Random Forest,False,median imputation -> training-only SMOTE,0.6216216216216216,0.4514406701647795,0.45475113122171945,0.6191016191016191,"[[53, 2, 16], [2, 1, 3], [17, 2, 15]]",4,1,0.7464788732394366,0.7361111111111112,0.7412587412587412,0.16666666666666666,0.2,0.18181818181818182,0.4411764705882353,0.4411764705882353,0.4411764705882353
0,441,111,XGBoost,False,median imputation -> training-only SMOTE,0.5675675675675675,0.41816257019239617,0.4174603174603175,0.5701415701415702,"[[48, 3, 20], [3, 1, 2], [18, 2, 14]]",5,1,0.676056338028169,0.6956521739130435,0.6857142857142857,0.16666666666666666,0.16666666666666666,0.16666666666666666,0.4117647058823529,0.3888888888888889,0.4
0,441,111,LightGBM,False,median imputation -> training-only SMOTE,0.5855855855855856,0.42244315566602225,0.422979797979798,0.5827532077532077,"[[51, 3, 17], [3, 1, 2], [19, 2, 13]]",5,1,0.7183098591549296,0.6986301369863014,0.7083333333333334,0.16666666666666666,0.16666666666666666,0.16666666666666666,0.38235294117647056,0.40625,0.3939393939393939
0,441,111,Support Vector Machine,True,median imputation -> StandardScaler -> training-only SMOTE,0.6126126126126126,0.47229126392340975,0.4667561692878149,0.6204207659903863,"[[47, 2, 22], [2, 1, 3], [12, 2, 20]]",4,1,0.6619718309859155,0.7704918032786885,0.7121212121212122,0.16666666666666666,0.2,0.18181818181818182,0.5882352941176471,0.4444444444444444,0.5063291139240507
1,441,111,Logistic Regression,True,median imputation -> StandardScaler -> training-only SMOTE,0.5675675675675675,0.47413237595507685,0.45914786967418547,0.5804240330556121,"[[46, 1, 24], [2, 2, 2], [14, 5, 15]]",6,2,0.647887323943662,0.7419354838709677,0.6917293233082706,0.3333333333333333,0.25,0.2857142857142857,0.4411764705882353,0.36585365853658536,0.4
1,441,111,Random Forest,False,median imputation -> training-only SMOTE,0.6036036036036037,0.37586302126484394,0.3698097340481446,0.5826507680812316,"[[55, 0, 16], [5, 0, 1], [20, 2, 12]]",2,0,0.7746478873239436,0.6875,0.7284768211920529,0.0,0.0,0.0,0.35294117647058826,0.41379310344827586,0.38095238095238093
1,441,111,XGBoost,False,median imputation -> training-only SMOTE,0.6306306306306306,0.3950566141949738,0.391440575375632,0.6113577794842482,"[[57, 0, 14], [5, 0, 1], [18, 3, 13]]",3,0,0.8028169014084507,0.7125,0.7549668874172185,0.0,0.0,0.0,0.38235294117647056,0.4642857142857143,0.41935483870967744
1,441,111,LightGBM,False,median imputation -> training-only SMOTE,0.6306306306306306,0.3899475283070975,0.38553350589588725,0.6086599973571502,"[[58, 0, 13], [4, 0, 2], [19, 3, 12]]",3,0,0.8169014084507042,0.7160493827160493,0.7631578947368421,0.0,0.0,0.0,0.35294117647058826,0.4444444444444444,0.39344262295081966
1,441,111,Support Vector Machine,True,median imputation -> StandardScaler -> training-only SMOTE,0.6216216216216216,0.45654975605265574,0.47599231754161336,0.6167595252102294,"[[52, 0, 19], [3, 1, 2], [17, 1, 16]]",1,1,0.7323943661971831,0.7222222222222222,0.7272727272727273,0.16666666666666666,0.5,0.25,0.47058823529411764,0.43243243243243246,0.4507042253521127
2,441,111,Logistic Regression,True,median imputation -> StandardScaler -> training-only SMOTE,0.6126126126126126,0.5484672742336371,0.5084466838866197,0.6197369641275433,"[[50, 5, 16], [1, 3, 2], [16, 3, 15]]",8,3,0.704225352112676,0.746268656716418,0.7246376811594203,0.5,0.2727272727272727,0.35294117647058826,0.4411764705882353,0.45454545454545453,0.44776119402985076
2,441,111,Random Forest,False,median imputation -> training-only SMOTE,0.6486486486486487,0.6078891650556936,0.5616167326172979,0.6428276778757276,"[[55, 3, 13], [1, 4, 1], [18, 3, 13]]",6,4,0.7746478873239436,0.7432432432432432,0.7586206896551724,0.6666666666666666,0.4,0.5,0.38235294117647056,0.48148148148148145,0.4262295081967213
2,441,111,XGBoost,False,median imputation -> training-only SMOTE,0.6126126126126126,0.5382491024578845,0.5183017295693352,0.6123006123006123,"[[52, 2, 17], [1, 3, 2], [18, 3, 13]]",5,3,0.7323943661971831,0.7323943661971831,0.7323943661971831,0.5,0.375,0.42857142857142855,0.38235294117647056,0.40625,0.3939393939393939
2,441,111,LightGBM,False,median imputation -> training-only SMOTE,0.6216216216216216,0.5378348522507594,0.5184647433874123,0.614894295848781,"[[54, 3, 14], [1, 3, 2], [20, 2, 12]]",5,3,0.7605633802816901,0.72,0.7397260273972602,0.5,0.375,0.42857142857142855,0.35294117647058826,0.42857142857142855,0.3870967741935484
2,441,111,Support Vector Machine,True,median imputation -> StandardScaler -> training-only SMOTE,0.5855855855855856,0.524164595415631,0.5129756212359466,0.5866373738714165,"[[49, 2, 20], [2, 3, 1], [19, 2, 13]]",4,3,0.6901408450704225,0.7,0.6950354609929078,0.5,0.42857142857142855,0.46153846153846156,0.38235294117647056,0.38235294117647056,0.38235294117647056
3,441,111,Logistic Regression,True,median imputation -> StandardScaler -> training-only SMOTE,0.6036036036036037,0.5082389763417104,0.48286923286923294,0.6180283477580776,"[[47, 5, 19], [1, 2, 3], [13, 3, 18]]",8,2,0.6619718309859155,0.7704918032786885,0.7121212121212122,0.3333333333333333,0.2,0.25,0.5294117647058824,0.45,0.4864864864864865
3,441,111,Random Forest,False,median imputation -> training-only SMOTE,0.6216216216216216,0.4056890361778514,0.39946719946719944,0.6141642141642142,"[[53, 1, 17], [3, 0, 3], [16, 2, 16]]",3,0,0.7464788732394366,0.7361111111111112,0.7412587412587412,0.0,0.0,0.0,0.47058823529411764,0.4444444444444444,0.45714285714285713
3,441,111,XGBoost,False,median imputation -> training-only SMOTE,0.6126126126126126,0.3907760287213477,0.39316239316239315,0.613032613032613,"[[54, 2, 15], [3, 0, 3], [15, 5, 14]]",7,0,0.7605633802816901,0.75,0.7552447552447552,0.0,0.0,0.0,0.4117647058823529,0.4375,0.42424242424242425
3,441,111,LightGBM,False,median imputation -> training-only SMOTE,0.6126126126126126,0.38566694283347136,0.3831644144144144,0.599844777209642,"[[55, 2, 14], [3, 0, 3], [19, 2, 13]]",4,0,0.7746478873239436,0.7142857142857143,0.7432432432432432,0.0,0.0,0.0,0.38235294117647056,0.43333333333333335,0.40625
3,441,111,Support Vector Machine,True,median imputation -> StandardScaler -> training-only SMOTE,0.6126126126126126,0.45696400625978084,0.46703538070444545,0.612919744554977,"[[50, 1, 20], [2, 1, 3], [16, 1, 17]]",2,1,0.704225352112676,0.7352941176470589,0.7194244604316546,0.16666666666666666,0.3333333333333333,0.2222222222222222,0.5,0.425,0.4594594594594595
4,441,111,Logistic Regression,True,median imputation -> StandardScaler -> training-only SMOTE,0.5765765765765766,0.4279664917610237,0.41981792717086835,0.5895412218941631,"[[48, 6, 17], [1, 1, 4], [16, 3, 15]]",9,1,0.676056338028169,0.7384615384615385,0.7058823529411765,0.16666666666666666,0.1,0.125,0.4411764705882353,0.4166666666666667,0.42857142857142855
4,441,111,Random Forest,False,median imputation -> training-only SMOTE,0.6846846846846847,0.5098499493694191,0.5260290164836944,0.6803622334079927,"[[55, 0, 16], [2, 1, 3], [13, 1, 20]]",1,1,0.7746478873239436,0.7857142857142857,0.7801418439716312,0.16666666666666666,0.5,0.25,0.5882352941176471,0.5128205128205128,0.547945205479452
4,441,111,XGBoost,False,median imputation -> training-only SMOTE,0.6396396396396397,0.4659394274141581,0.4735294117647058,0.6346846846846848,"[[54, 2, 15], [2, 1, 3], [17, 1, 16]]",3,1,0.7605633802816901,0.7397260273972602,0.75,0.16666666666666666,0.25,0.2,0.47058823529411764,0.47058823529411764,0.47058823529411764
4,441,111,LightGBM,False,median imputation -> training-only SMOTE,0.6216216216216216,0.4514406701647795,0.4643719806763285,0.6160345127736433,"[[53, 1, 17], [2, 1, 3], [18, 1, 15]]",2,1,0.7464788732394366,0.726027397260274,0.7361111111111112,0.16666666666666666,0.3333333333333333,0.2222222222222222,0.4411764705882353,0.42857142857142855,0.43478260869565216
4,441,111,Support Vector Machine,True,median imputation -> StandardScaler -> training-only SMOTE,0.6576576576576577,0.49065635643928934,0.5170002829577297,0.6536002855726835,"[[53, 0, 18], [2, 1, 3], [15, 0, 19]]",0,1,0.7464788732394366,0.7571428571428571,0.75177304964539,0.16666666666666666,1.0,0.2857142857142857,0.5588235294117647,0.475,0.5135135135135135
5,441,111,Logistic Regression,True,median imputation -> StandardScaler -> training-only SMOTE,0.6486486486486487,0.5672466169566418,0.5571095571095571,0.6472626472626472,"[[54, 2, 15], [1, 3, 2], [17, 2, 15]]",4,3,0.7605633802816901,0.75,0.7552447552447552,0.5,0.42857142857142855,0.46153846153846156,0.4411764705882353,0.46875,0.45454545454545453
5,441,111,Random Forest,False,median imputation -> training-only SMOTE,0.6216216216216216,0.4463315842769033,0.4448717948717949,0.61999306999307,"[[54, 4, 13], [1, 1, 4], [18, 2, 14]]",6,1,0.7605633802816901,0.7397260273972602,0.75,0.16666666666666666,0.14285714285714285,0.15384615384615385,0.4117647058823529,0.45161290322580644,0.4307692307692308
5,441,111,XGBoost,False,median imputation -> training-only SMOTE,0.6036036036036037,0.47247537512657645,0.5042119042119042,0.5944609890555835,"[[54, 0, 17], [1, 2, 3], [22, 1, 11]]",1,2,0.7605633802816901,0.7012987012987013,0.7297297297297297,0.3333333333333333,0.6666666666666666,0.4444444444444444,0.3235294117647059,0.3548387096774194,0.3384615384615385
5,441,111,LightGBM,False,median imputation -> training-only SMOTE,0.6216216216216216,0.49208321826383133,0.5109624292331446,0.6169080042471705,"[[54, 0, 17], [1, 2, 3], [19, 2, 13]]",2,2,0.7605633802816901,0.7297297297297297,0.7448275862068966,0.3333333333333333,0.5,0.4,0.38235294117647056,0.3939393939393939,0.3880597014925373
5,441,111,Support Vector Machine,True,median imputation -> StandardScaler -> training-only SMOTE,0.6666666666666666,0.5257755684433397,0.5375360008397463,0.6572574660905468,"[[57, 2, 12], [3, 2, 1], [18, 1, 15]]",3,2,0.8028169014084507,0.7307692307692307,0.7651006711409396,0.3333333333333333,0.4,0.36363636363636365,0.4411764705882353,0.5357142857142857,0.4838709677419355
6,441,111,Logistic Regression,True,median imputation -> StandardScaler -> training-only SMOTE,0.6126126126126126,0.5027156402467089,0.4696969696969697,0.6420966420966422,"[[50, 7, 14], [2, 2, 2], [9, 9, 16]]",16,2,0.704225352112676,0.819672131147541,0.7575757575757576,0.3333333333333333,0.1111111111111111,0.16666666666666666,0.47058823529411764,0.5,0.48484848484848486
6,441,111,Random Forest,False,median imputation -> training-only SMOTE,0.6126126126126126,0.4416367485961521,0.4423400673400673,0.6098029848029849,"[[53, 2, 16], [3, 1, 2], [17, 3, 14]]",5,1,0.7464788732394366,0.726027397260274,0.7361111111111112,0.16666666666666666,0.16666666666666666,0.16666666666666666,0.4117647058823529,0.4375,0.42424242424242425
6,441,111,XGBoost,False,median imputation -> training-only SMOTE,0.6126126126126126,0.4518549203719046,0.4478936046602917,0.619146679771297,"[[51, 2, 18], [2, 1, 3], [14, 4, 16]]",6,1,0.7183098591549296,0.7611940298507462,0.7391304347826086,0.16666666666666666,0.14285714285714285,0.15384615384615385,0.47058823529411764,0.43243243243243246,0.4507042253521127
6,441,111,LightGBM,False,median imputation -> training-only SMOTE,0.6036036036036037,0.42672374113964834,0.43050401978973407,0.594632201775059,"[[54, 1, 16], [3, 1, 2], [19, 3, 12]]",4,1,0.7605633802816901,0.7105263157894737,0.7346938775510204,0.16666666666666666,0.2,0.18181818181818182,0.35294117647058826,0.4,0.375
6,441,111,Support Vector Machine,True,median imputation -> StandardScaler -> training-only SMOTE,0.6666666666666666,0.5411028261069686,0.549430961195667,0.6649026649026648,"[[54, 2, 15], [3, 2, 1], [15, 1, 18]]",3,2,0.7605633802816901,0.75,0.7552447552447552,0.3333333333333333,0.4,0.36363636363636365,0.5294117647058824,0.5294117647058824,0.5294117647058824
7,441,111,Logistic Regression,True,median imputation -> StandardScaler -> training-only SMOTE,0.5225225225225225,0.5066280033140017,0.4541804677306032,0.5446530541381489,"[[39, 4, 28], [0, 3, 3], [13, 5, 16]]",9,3,0.5492957746478874,0.75,0.6341463414634146,0.5,0.25,0.3333333333333333,0.47058823529411764,0.3404255319148936,0.3950617283950617
7,441,111,Random Forest,False,median imputation -> training-only SMOTE,0.6126126126126126,0.4061032863849765,0.40952380952380957,0.6191763191763192,"[[51, 6, 14], [3, 0, 3], [15, 2, 17]]",8,0,0.7183098591549296,0.7391304347826086,0.7285714285714285,0.0,0.0,0.0,0.5,0.5,0.5
7,441,111,XGBoost,False,median imputation -> training-only SMOTE,0.6036036036036037,0.3809721071527202,0.382464096749811,0.5963514534943107,"[[54, 5, 12], [2, 0, 4], [20, 1, 13]]",6,0,0.7605633802816901,0.7105263157894737,0.7346938775510204,0.0,0.0,0.0,0.38235294117647056,0.4482758620689655,0.4126984126984127
7,441,111,LightGBM,False,median imputation -> training-only SMOTE,0.5945945945945946,0.37116818558409276,0.36824324324324326,0.5816289262235208,"[[54, 3, 14], [2, 0, 4], [21, 1, 12]]",4,0,0.7605633802816901,0.7012987012987013,0.7297297297297297,0.0,0.0,0.0,0.35294117647058826,0.4,0.375
7,441,111,Support Vector Machine,True,median imputation -> StandardScaler -> training-only SMOTE,0.5495495495495496,0.40877289883089385,0.40717187776011304,0.5576060957618986,"[[46, 3, 22], [1, 1, 4], [18, 2, 14]]",5,1,0.647887323943662,0.7076923076923077,0.6764705882352942,0.16666666666666666,0.16666666666666666,0.16666666666666666,0.4117647058823529,0.35,0.3783783783783784
8,441,111,Logistic Regression,True,median imputation -> StandardScaler -> training-only SMOTE,0.5855855855855856,0.42755224155389854,0.4215074998824469,0.593505735951779,"[[50, 5, 16], [1, 1, 4], [17, 3, 14]]",8,1,0.704225352112676,0.7352941176470589,0.7194244604316546,0.16666666666666666,0.1111111111111111,0.13333333333333333,0.4117647058823529,0.4117647058823529,0.4117647058823529
8,441,111,Random Forest,False,median imputation -> training-only SMOTE,0.6216216216216216,0.4463315842769033,0.45465615054656155,0.6139170303553865,"[[54, 2, 15], [2, 1, 3], [19, 1, 14]]",3,1,0.7605633802816901,0.72,0.7397260273972602,0.16666666666666666,0.25,0.2,0.4117647058823529,0.4375,0.42424242424242425
8,441,111,XGBoost,False,median imputation -> training-only SMOTE,0.5945945945945946,0.47799871122157783,0.47822658270419466,0.5931296080549813,"[[51, 3, 17], [1, 2, 3], [20, 1, 13]]",4,2,0.7183098591549296,0.7083333333333334,0.7132867132867133,0.3333333333333333,0.3333333333333333,0.3333333333333333,0.38235294117647056,0.3939393939393939,0.3880597014925373
8,441,111,LightGBM,False,median imputation -> training-only SMOTE,0.5945945945945946,0.47799871122157783,0.47822658270419466,0.5931296080549813,"[[51, 3, 17], [1, 2, 3], [20, 1, 13]]",4,2,0.7183098591549296,0.7083333333333334,0.7132867132867133,0.3333333333333333,0.3333333333333333,0.3333333333333333,0.38235294117647056,0.3939393939393939,0.3880597014925373
8,441,111,Support Vector Machine,True,median imputation -> StandardScaler -> training-only SMOTE,0.5945945945945946,0.36605909969621653,0.3572649572649573,0.5727419727419727,"[[55, 1, 15], [1, 0, 5], [23, 0, 11]]",1,0,0.7746478873239436,0.6962025316455697,0.7333333333333333,0.0,0.0,0.0,0.3235294117647059,0.3548387096774194,0.3384615384615385
9,441,111,Logistic Regression,True,median imputation -> StandardScaler -> training-only SMOTE,0.5765765765765766,0.47882721163582803,0.44862155388471175,0.5947300684142789,"[[47, 5, 19], [2, 2, 2], [13, 6, 15]]",11,2,0.6619718309859155,0.7580645161290323,0.706766917293233,0.3333333333333333,0.15384615384615385,0.21052631578947367,0.4411764705882353,0.4166666666666667,0.42857142857142855
9,441,111,Random Forest,False,median imputation -> training-only SMOTE,0.6396396396396397,0.46083034152628183,0.4622752726201002,0.6356250149353597,"[[55, 2, 14], [3, 1, 2], [16, 3, 15]]",5,1,0.7746478873239436,0.7432432432432432,0.7586206896551724,0.16666666666666666,0.16666666666666666,0.16666666666666666,0.4411764705882353,0.4838709677419355,0.46153846153846156
9,441,111,XGBoost,False,median imputation -> training-only SMOTE,0.6306306306306306,0.4459173340697781,0.44999098124098125,0.6216094341094341,"[[56, 1, 14], [2, 1, 3], [18, 3, 13]]",4,1,0.7887323943661971,0.7368421052631579,0.7619047619047619,0.16666666666666666,0.2,0.18181818181818182,0.38235294117647056,0.43333333333333335,0.40625
9,441,111,LightGBM,False,median imputation -> training-only SMOTE,0.6126126126126126,0.37544877105771884,0.37265979838262986,0.590810152126204,"[[57, 0, 14], [6, 0, 0], [19, 4, 11]]",4,0,0.8028169014084507,0.6951219512195121,0.7450980392156863,0.0,0.0,0.0,0.3235294117647059,0.44,0.3728813559322034
9,441,111,Support Vector Machine,True,median imputation -> StandardScaler -> training-only SMOTE,0.6936936936936937,0.5654055049249748,0.5709103103469301,0.6947969553603356,"[[55, 1, 15], [2, 2, 2], [12, 2, 20]]",3,2,0.7746478873239436,0.7971014492753623,0.7857142857142857,0.3333333333333333,0.4,0.36363636363636365,0.5882352941176471,0.5405405405405406,0.5633802816901409
10,441,111,Logistic Regression,True,median imputation -> StandardScaler -> training-only SMOTE,0.5945945945945946,0.6407990426217436,0.5215425233119874,0.611876284778206,"[[46, 6, 19], [0, 5, 1], [12, 7, 15]]",13,5,0.647887323943662,0.7931034482758621,0.7131782945736435,0.8333333333333334,0.2777777777777778,0.4166666666666667,0.4411764705882353,0.42857142857142855,0.43478260869565216
10,441,111,Random Forest,False,median imputation -> training-only SMOTE,0.6126126126126126,0.49249746847095643,0.46964016375781087,0.6198268080621022,"[[52, 4, 15], [2, 2, 2], [15, 5, 14]]",9,2,0.7323943661971831,0.7536231884057971,0.7428571428571429,0.3333333333333333,0.18181818181818182,0.23529411764705882,0.4117647058823529,0.45161290322580644,0.4307692307692308
10,441,111,XGBoost,False,median imputation -> training-only SMOTE,0.5945945945945946,0.4728896253337016,0.4527417027417027,0.5953940953940954,"[[52, 4, 15], [2, 2, 2], [18, 4, 12]]",8,2,0.7323943661971831,0.7222222222222222,0.7272727272727273,0.3333333333333333,0.2,0.25,0.35294117647058826,0.41379310344827586,0.38095238095238093
10,441,111,LightGBM,False,median imputation -> training-only SMOTE,0.6036036036036037,0.4775844610144528,0.4715573619683209,0.5977160360722005,"[[53, 3, 15], [2, 2, 2], [20, 2, 12]]",5,2,0.7464788732394366,0.7066666666666667,0.726027397260274,0.3333333333333333,0.2857142857142857,0.3076923076923077,0.35294117647058826,0.41379310344827586,0.38095238095238093
10,441,111,Support Vector Machine,True,median imputation -> StandardScaler -> training-only SMOTE,0.6306306306306306,0.568075117370892,0.5656199677938809,0.6351786569177874,"[[50, 2, 19], [1, 3, 2], [16, 1, 17]]",3,3,0.704225352112676,0.746268656716418,0.7246376811594203,0.5,0.5,0.5,0.5,0.4473684210526316,0.4722222222222222
11,441,111,Logistic Regression,True,median imputation -> StandardScaler -> training-only SMOTE,0.7117117117117117,0.7120500782472613,0.6426653108051731,0.7116771809356289,"[[57, 2, 12], [0, 5, 1], [13, 4, 17]]",6,5,0.8028169014084507,0.8142857142857143,0.8085106382978723,0.8333333333333334,0.45454545454545453,0.5882352941176471,0.5,0.5666666666666667,0.53125
11,441,111,Random Forest,False,median imputation -> training-only SMOTE,0.6846846846846847,0.49452269170579033,0.5040641897784756,0.6757822186393615,"[[58, 1, 12], [3, 1, 2], [15, 2, 17]]",3,1,0.8169014084507042,0.7631578947368421,0.7891156462585034,0.16666666666666666,0.25,0.2,0.5,0.5483870967741935,0.5230769230769231
11,441,111,XGBoost,False,median imputation -> training-only SMOTE,0.6126126126126126,0.4416367485961521,0.4452799135634957,0.6086824612944017,"[[53, 2, 16], [2, 1, 3], [18, 2, 14]]",4,1,0.7464788732394366,0.726027397260274,0.7361111111111112,0.16666666666666666,0.2,0.18181818181818182,0.4117647058823529,0.42424242424242425,0.417910447761194
11,441,111,LightGBM,False,median imputation -> training-only SMOTE,0.6036036036036037,0.4318328270275246,0.44543644032501123,0.5952730485545861,"[[53, 1, 17], [2, 1, 3], [20, 1, 13]]",2,1,0.7464788732394366,0.7066666666666667,0.726027397260274,0.16666666666666666,0.3333333333333333,0.2222222222222222,0.38235294117647056,0.3939393939393939,0.3880597014925373
11,441,111,Support Vector Machine,True,median imputation -> StandardScaler -> training-only SMOTE,0.6486486486486487,0.4808524348706619,0.4925888925888926,0.6436794436794437,"[[53, 1, 17], [4, 1, 1], [15, 1, 18]]",2,1,0.7464788732394366,0.7361111111111112,0.7412587412587412,0.16666666666666666,0.3333333333333333,0.2222222222222222,0.5294117647058824,0.5,0.5142857142857142
12,441,111,Logistic Regression,True,median imputation -> StandardScaler -> training-only SMOTE,0.5405405405405406,0.4549387830249471,0.4194023569023569,0.5686993811993812,"[[44, 6, 21], [1, 2, 3], [12, 8, 14]]",14,2,0.6197183098591549,0.7719298245614035,0.6875,0.3333333333333333,0.125,0.18181818181818182,0.4117647058823529,0.3684210526315789,0.3888888888888889
12,441,111,Random Forest,False,median imputation -> training-only SMOTE,0.6216216216216216,0.415907207953604,0.4148418491484185,0.6293812060235418,"[[51, 4, 16], [2, 0, 4], [13, 3, 18]]",7,0,0.7183098591549296,0.7727272727272727,0.7445255474452555,0.0,0.0,0.0,0.5294117647058824,0.47368421052631576,0.5
12,441,111,XGBoost,False,median imputation -> training-only SMOTE,0.5945945945945946,0.4831077971094541,0.4705882352941176,0.5984555984555985,"[[50, 3, 18], [2, 2, 2], [17, 3, 14]]",6,2,0.704225352112676,0.7246376811594203,0.7142857142857143,0.3333333333333333,0.25,0.2857142857142857,0.4117647058823529,0.4117647058823529,0.4117647058823529
12,441,111,LightGBM,False,median imputation -> training-only SMOTE,0.5945945945945946,0.4322470772346498,0.43602065430423637,0.5909146935266338,"[[51, 3, 17], [3, 1, 2], [19, 1, 14]]",4,1,0.7183098591549296,0.6986301369863014,0.7083333333333334,0.16666666666666666,0.2,0.18181818181818182,0.4117647058823529,0.42424242424242425,0.417910447761194
12,441,111,Support Vector Machine,True,median imputation -> StandardScaler -> training-only SMOTE,0.5855855855855856,0.4377704133296511,0.4293691360548853,0.5997277588363256,"[[48, 3, 20], [2, 1, 3], [13, 5, 16]]",8,1,0.676056338028169,0.7619047619047619,0.7164179104477612,0.16666666666666666,0.1111111111111111,0.13333333333333333,0.47058823529411764,0.41025641025641024,0.4383561643835616
13,441,111,Logistic Regression,True,median imputation -> StandardScaler -> training-only SMOTE,0.5855855855855856,0.4684249286569087,0.44574927230753786,0.6092216878124738,"[[42, 8, 21], [1, 1, 4], [9, 3, 22]]",11,1,0.5915492957746479,0.8076923076923077,0.6829268292682927,0.16666666666666666,0.08333333333333333,0.1111111111111111,0.6470588235294118,0.46808510638297873,0.5432098765432098
13,441,111,Random Forest,False,median imputation -> training-only SMOTE,0.6306306306306306,0.5069962257203351,0.49156133381485495,0.6332640332640334,"[[53, 3, 15], [3, 2, 1], [15, 4, 15]]",7,2,0.7464788732394366,0.7464788732394366,0.7464788732394366,0.3333333333333333,0.2222222222222222,0.26666666666666666,0.4411764705882353,0.4838709677419355,0.46153846153846156
13,441,111,XGBoost,False,median imputation -> training-only SMOTE,0.6306306306306306,0.4916689680567063,0.4859638957999614,0.6211975923983014,"[[56, 1, 14], [3, 2, 1], [18, 4, 12]]",5,2,0.7887323943661971,0.7272727272727273,0.7567567567567568,0.3333333333333333,0.2857142857142857,0.3076923076923077,0.35294117647058826,0.4444444444444444,0.39344262295081966
13,441,111,LightGBM,False,median imputation -> training-only SMOTE,0.6396396396396397,0.5014728896253337,0.5115563515650114,0.628910001934466,"[[56, 0, 15], [4, 2, 0], [18, 3, 13]]",3,2,0.7887323943661971,0.717948717948718,0.7516778523489933,0.3333333333333333,0.4,0.36363636363636365,0.38235294117647056,0.4642857142857143,0.41935483870967744
13,441,111,Support Vector Machine,True,median imputation -> StandardScaler -> training-only SMOTE,0.6756756756756757,0.505155113688668,0.5047840515466415,0.6769843748261014,"[[54, 2, 15], [2, 1, 3], [12, 2, 20]]",4,1,0.7605633802816901,0.7941176470588235,0.7769784172661871,0.16666666666666666,0.2,0.18181818181818182,0.5882352941176471,0.5263157894736842,0.5555555555555556
14,441,111,Logistic Regression,True,median imputation -> StandardScaler -> training-only SMOTE,0.6126126126126126,0.5788916505569364,0.5157407407407407,0.6071821821821822,"[[53, 4, 14], [1, 4, 1], [19, 4, 11]]",8,4,0.7464788732394366,0.726027397260274,0.7361111111111112,0.6666666666666666,0.3333333333333333,0.4444444444444444,0.3235294117647059,0.4230769230769231,0.36666666666666664
14,441,111,Random Forest,False,median imputation -> training-only SMOTE,0.6576576576576577,0.5006443892110835,0.5025089605734766,0.635745422842197,"[[60, 2, 9], [3, 2, 1], [21, 2, 11]]",4,2,0.8450704225352113,0.7142857142857143,0.7741935483870968,0.3333333333333333,0.3333333333333333,0.3333333333333333,0.3235294117647059,0.5238095238095238,0.4
14,441,111,XGBoost,False,median imputation -> training-only SMOTE,0.6486486486486487,0.5417011875172605,0.5310663848298257,0.6253462726581005,"[[59, 2, 10], [3, 3, 0], [22, 2, 10]]",4,3,0.8309859154929577,0.7023809523809523,0.7612903225806451,0.5,0.42857142857142855,0.46153846153846156,0.29411764705882354,0.5,0.37037037037037035
14,441,111,LightGBM,False,median imputation -> training-only SMOTE,0.6396396396396397,0.5370063518365092,0.536349042540993,0.6194584677556815,"[[58, 1, 12], [2, 3, 1], [22, 2, 10]]",3,3,0.8169014084507042,0.7073170731707317,0.7581699346405228,0.5,0.5,0.5,0.29411764705882354,0.43478260869565216,0.3508771929824561
14,441,111,Support Vector Machine,True,median imputation -> StandardScaler -> training-only SMOTE,0.6396396396396397,0.4352849120869005,0.4426558579424822,0.6110914620468761,"[[60, 1, 10], [4, 1, 1], [22, 2, 10]]",3,1,0.8450704225352113,0.6976744186046512,0.7643312101910829,0.16666666666666666,0.25,0.2,0.29411764705882354,0.47619047619047616,0.36363636363636365
15,441,111,Logistic Regression,True,median imputation -> StandardScaler -> training-only SMOTE,0.5765765765765766,0.6518457148117464,0.5082709828472539,0.6089644385567428,"[[40, 11, 20], [0, 5, 1], [7, 8, 19]]",19,5,0.5633802816901409,0.851063829787234,0.6779661016949152,0.8333333333333334,0.20833333333333334,0.3333333333333333,0.5588235294117647,0.475,0.5135135135135135
15,441,111,Random Forest,False,median imputation -> training-only SMOTE,0.6036036036036037,0.4420509988032772,0.4366475722858702,0.6108469353150204,"[[51, 6, 14], [3, 1, 2], [16, 3, 15]]",9,1,0.7183098591549296,0.7285714285714285,0.723404255319149,0.16666666666666666,0.1,0.125,0.4411764705882353,0.4838709677419355,0.46153846153846156
15,441,111,XGBoost,False,median imputation -> training-only SMOTE,0.6036036036036037,0.48780263279020525,0.47608885637054654,0.6048516048516049,"[[51, 3, 17], [3, 2, 1], [17, 3, 14]]",6,2,0.7183098591549296,0.7183098591549296,0.7183098591549296,0.3333333333333333,0.25,0.2857142857142857,0.4117647058823529,0.4375,0.42424242424242425
15,441,111,LightGBM,False,median imputation -> training-only SMOTE,0.6126126126126126,0.4873883825830802,0.47182539682539676,0.6116723866723868,"[[53, 3, 15], [3, 2, 1], [17, 4, 13]]",7,2,0.7464788732394366,0.726027397260274,0.7361111111111112,0.3333333333333333,0.2222222222222222,0.26666666666666666,0.38235294117647056,0.4482758620689655,0.4126984126984127
15,441,111,Support Vector Machine,True,median imputation -> StandardScaler -> training-only SMOTE,0.5855855855855856,0.47841296142870293,0.4568627450980392,0.5969528351881294,"[[49, 3, 19], [1, 2, 3], [15, 5, 14]]",8,2,0.6901408450704225,0.7538461538461538,0.7205882352941176,0.3333333333333333,0.2,0.25,0.4117647058823529,0.3888888888888889,0.4
16,441,111,Logistic Regression,True,median imputation -> StandardScaler -> training-only SMOTE,0.6126126126126126,0.47229126392340975,0.45813090418353575,0.630479264689791,"[[47, 4, 20], [3, 1, 2], [9, 5, 20]]",9,1,0.6619718309859155,0.7966101694915254,0.7230769230769231,0.16666666666666666,0.1,0.125,0.5882352941176471,0.47619047619047616,0.5263157894736842
16,441,111,Random Forest,False,median imputation -> training-only SMOTE,0.6576576576576577,0.5261898186504649,0.5150702192955714,0.6594516594516594,"[[55, 2, 14], [2, 2, 2], [14, 4, 16]]",6,2,0.7746478873239436,0.7746478873239436,0.7746478873239436,0.3333333333333333,0.25,0.2857142857142857,0.47058823529411764,0.5,0.48484848484848486
16,441,111,XGBoost,False,median imputation -> training-only SMOTE,0.5945945945945946,0.3609500138083402,0.36383141762452115,0.5832204618411516,"[[56, 4, 11], [3, 0, 3], [20, 4, 10]]",8,0,0.7887323943661971,0.7088607594936709,0.7466666666666667,0.0,0.0,0.0,0.29411764705882354,0.4166666666666667,0.3448275862068966
16,441,111,LightGBM,False,median imputation -> training-only SMOTE,0.6216216216216216,0.39036177851422255,0.3943287549844927,0.6146084054812456,"[[56, 3, 12], [4, 0, 2], [17, 4, 13]]",7,0,0.7887323943661971,0.7272727272727273,0.7567567567567568,0.0,0.0,0.0,0.38235294117647056,0.48148148148148145,0.4262295081967213
16,441,111,Support Vector Machine,True,median imputation -> StandardScaler -> training-only SMOTE,0.6216216216216216,0.4667679278284083,0.46653551596970294,0.6243901598279205,"[[50, 2, 19], [3, 1, 2], [14, 2, 18]]",4,1,0.704225352112676,0.746268656716418,0.7246376811594203,0.16666666666666666,0.2,0.18181818181818182,0.5294117647058824,0.46153846153846156,0.4931506849315068
17,441,111,Logistic Regression,True,median imputation -> StandardScaler -> training-only SMOTE,0.5315315315315315,0.5215410107705054,0.46987564530058523,0.5503976865527214,"[[38, 4, 29], [1, 3, 2], [12, 4, 18]]",8,3,0.5352112676056338,0.7450980392156863,0.6229508196721312,0.5,0.2727272727272727,0.35294117647058826,0.5294117647058824,0.3673469387755102,0.43373493975903615
17,441,111,Random Forest,False,median imputation -> training-only SMOTE,0.5855855855855856,0.44287949921752734,0.4395171593951716,0.5905490532027878,"[[47, 3, 21], [4, 1, 1], [15, 2, 17]]",5,1,0.6619718309859155,0.7121212121212122,0.6861313868613139,0.16666666666666666,0.16666666666666666,0.16666666666666666,0.5,0.4358974358974359,0.4657534246575342
17,441,111,XGBoost,False,median imputation -> training-only SMOTE,0.6126126126126126,0.4467458344840283,0.4550008577800652,0.6067389056581027,"[[52, 2, 17], [4, 1, 1], [18, 1, 15]]",3,1,0.7323943661971831,0.7027027027027027,0.7172413793103448,0.16666666666666666,0.25,0.2,0.4411764705882353,0.45454545454545453,0.44776119402985076
17,441,111,LightGBM,False,median imputation -> training-only SMOTE,0.5945945945945946,0.4322470772346498,0.44095752040957525,0.5876304698222508,"[[51, 2, 18], [5, 1, 0], [19, 1, 14]]",3,1,0.7183098591549296,0.68,0.6986301369863014,0.16666666666666666,0.25,0.2,0.4117647058823529,0.4375,0.42424242424242425
17,441,111,Support Vector Machine,True,median imputation -> StandardScaler -> training-only SMOTE,0.6306306306306306,0.46124459173340693,0.48160086623354986,0.6231672452062258,"[[53, 0, 18], [4, 1, 1], [17, 1, 16]]",1,1,0.7464788732394366,0.7162162162162162,0.7310344827586207,0.16666666666666666,0.5,0.25,0.47058823529411764,0.45714285714285713,0.463768115942029
18,441,111,Logistic Regression,True,median imputation -> StandardScaler -> training-only SMOTE,0.5945945945945946,0.4526834207861548,0.4421955790376843,0.6082972222374782,"[[47, 5, 19], [2, 1, 3], [13, 3, 18]]",8,1,0.6619718309859155,0.7580645161290323,0.706766917293233,0.16666666666666666,0.1111111111111111,0.13333333333333333,0.5294117647058824,0.45,0.4864864864864865
18,441,111,Random Forest,False,median imputation -> training-only SMOTE,0.6396396396396397,0.47615759918991074,0.48154363533446537,0.637911990504139,"[[52, 1, 18], [4, 1, 1], [14, 2, 18]]",3,1,0.7323943661971831,0.7428571428571429,0.7375886524822695,0.16666666666666666,0.25,0.2,0.5294117647058824,0.4864864864864865,0.5070422535211268
18,441,111,XGBoost,False,median imputation -> training-only SMOTE,0.6486486486486487,0.4808524348706619,0.48766595723117456,0.6447612708482274,"[[53, 2, 16], [4, 1, 1], [15, 1, 18]]",3,1,0.7464788732394366,0.7361111111111112,0.7412587412587412,0.16666666666666666,0.25,0.2,0.5294117647058824,0.5142857142857142,0.5217391304347826
18,441,111,LightGBM,False,median imputation -> training-only SMOTE,0.6576576576576577,0.48554727055141306,0.4931372549019608,0.6527027027027027,"[[54, 2, 15], [4, 1, 1], [15, 1, 18]]",3,1,0.7605633802816901,0.7397260273972602,0.75,0.16666666666666666,0.25,0.2,0.5294117647058824,0.5294117647058824,0.5294117647058824
18,441,111,Support Vector Machine,True,median imputation -> StandardScaler -> training-only SMOTE,0.5945945945945946,0.44246524901040224,0.45352612886859456,0.5940310173186886,"[[49, 1, 21], [3, 1, 2], [17, 1, 16]]",2,1,0.6901408450704225,0.7101449275362319,0.7,0.16666666666666666,0.3333333333333333,0.2222222222222222,0.47058823529411764,0.41025641025641024,0.4383561643835616
19,441,111,Logistic Regression,True,median imputation -> StandardScaler -> training-only SMOTE,0.6036036036036037,0.5642087821043911,0.5168718650250798,0.6184912682860699,"[[45, 4, 22], [2, 3, 1], [11, 4, 19]]",8,3,0.6338028169014085,0.7758620689655172,0.6976744186046512,0.5,0.2727272727272727,0.35294117647058826,0.5588235294117647,0.4523809523809524,0.5
19,441,111,Random Forest,False,median imputation -> training-only SMOTE,0.6216216216216216,0.4514406701647795,0.4538146879756469,0.6169859928421572,"[[53, 3, 15], [5, 1, 0], [17, 2, 15]]",5,1,0.7464788732394366,0.7066666666666667,0.726027397260274,0.16666666666666666,0.16666666666666666,0.16666666666666666,0.4411764705882353,0.5,0.46875
19,441,111,XGBoost,False,median imputation -> training-only SMOTE,0.6306306306306306,0.4510264199576544,0.4565019565019565,0.6213719862368511,"[[55, 1, 15], [5, 1, 0], [17, 3, 14]]",4,1,0.7746478873239436,0.7142857142857143,0.7432432432432432,0.16666666666666666,0.2,0.18181818181818182,0.4117647058823529,0.4827586206896552,0.4444444444444444
19,441,111,LightGBM,False,median imputation -> training-only SMOTE,0.6126126126126126,0.4518549203719046,0.4552310434663376,0.6102186102186102,"[[51, 2, 18], [5, 1, 0], [16, 2, 16]]",4,1,0.7183098591549296,0.7083333333333334,0.7132867132867133,0.16666666666666666,0.2,0.18181818181818182,0.47058823529411764,0.47058823529411764,0.47058823529411764
19,441,111,Support Vector Machine,True,median imputation -> StandardScaler -> training-only SMOTE,0.6486486486486487,0.5214949829697137,0.5527375201288245,0.6458088523305915,"[[54, 0, 17], [2, 2, 2], [17, 1, 16]]",1,2,0.7605633802816901,0.7397260273972602,0.75,0.3333333333333333,0.6666666666666666,0.4444444444444444,0.47058823529411764,0.45714285714285713,0.463768115942029
20,441,111,Logistic Regression,True,median imputation -> StandardScaler -> training-only SMOTE,0.5945945945945946,0.5797201509711866,0.48893924783027964,0.6087708827438818,"[[49, 9, 13], [1, 4, 1], [15, 6, 13]]",15,4,0.6901408450704225,0.7538461538461538,0.7205882352941176,0.6666666666666666,0.21052631578947367,0.32,0.38235294117647056,0.48148148148148145,0.4262295081967213
20,441,111,Random Forest,False,median imputation -> training-only SMOTE,0.6576576576576577,0.6279112584000736,0.6120985294898339,0.6596177161394552,"[[53, 1, 17], [0, 4, 2], [16, 2, 16]]",3,4,0.7464788732394366,0.7681159420289855,0.7571428571428571,0.6666666666666666,0.5714285714285714,0.6153846153846154,0.47058823529411764,0.45714285714285713,0.463768115942029
20,441,111,XGBoost,False,median imputation -> training-only SMOTE,0.6666666666666666,0.5715272024302679,0.5628871896153003,0.6593269726910279,"[[57, 2, 12], [1, 3, 2], [18, 2, 14]]",4,3,0.8028169014084507,0.75,0.7755102040816326,0.5,0.42857142857142855,0.46153846153846156,0.4117647058823529,0.5,0.45161290322580644
20,441,111,LightGBM,False,median imputation -> training-only SMOTE,0.6576576576576577,0.5617232808616405,0.5766366851017208,0.6473237787375046,"[[57, 1, 13], [1, 3, 2], [20, 1, 13]]",2,3,0.8028169014084507,0.7307692307692307,0.7651006711409396,0.5,0.6,0.5454545454545454,0.38235294117647056,0.4642857142857143,0.41935483870967744
20,441,111,Support Vector Machine,True,median imputation -> StandardScaler -> training-only SMOTE,0.6306306306306306,0.5476387738193869,0.5385290592663865,0.6233383837070473,"[[54, 3, 14], [2, 3, 1], [20, 1, 13]]",4,3,0.7605633802816901,0.7105263157894737,0.7346938775510204,0.5,0.42857142857142855,0.46153846153846156,0.38235294117647056,0.4642857142857143,0.41935483870967744
21,441,111,Logistic Regression,True,median imputation -> StandardScaler -> training-only SMOTE,0.5675675675675675,0.5098959771702108,0.4707583859990277,0.58440175712903,"[[39, 6, 26], [1, 2, 3], [10, 2, 22]]",8,2,0.5492957746478874,0.78,0.6446280991735537,0.3333333333333333,0.2,0.25,0.6470588235294118,0.43137254901960786,0.5176470588235295
21,441,111,Random Forest,False,median imputation -> training-only SMOTE,0.5585585585585585,0.4185768203995213,0.41618088676912207,0.565884644580988,"[[46, 3, 22], [2, 1, 3], [17, 2, 15]]",5,1,0.647887323943662,0.7076923076923077,0.6764705882352942,0.16666666666666666,0.16666666666666666,0.16666666666666666,0.4411764705882353,0.375,0.40540540540540543
21,441,111,XGBoost,False,median imputation -> training-only SMOTE,0.5405405405405406,0.40407806315014266,0.3996303996303996,0.5506421182096857,"[[45, 3, 23], [2, 1, 3], [17, 3, 14]]",6,1,0.6338028169014085,0.703125,0.6666666666666666,0.16666666666666666,0.14285714285714285,0.15384615384615385,0.4117647058823529,0.35,0.3783783783783784
21,441,111,LightGBM,False,median imputation -> training-only SMOTE,0.5855855855855856,0.4377704133296511,0.4330068417659659,0.5926667824478042,"[[48, 3, 20], [3, 1, 2], [15, 3, 16]]",6,1,0.676056338028169,0.7272727272727273,0.7007299270072993,0.16666666666666666,0.14285714285714285,0.15384615384615385,0.47058823529411764,0.42105263157894735,0.4444444444444444
21,441,111,Support Vector Machine,True,median imputation -> StandardScaler -> training-only SMOTE,0.5675675675675675,0.4996778053944582,0.479960927960928,0.5820957660957661,"[[41, 3, 27], [1, 2, 3], [12, 2, 20]]",5,2,0.5774647887323944,0.7592592592592593,0.656,0.3333333333333333,0.2857142857142857,0.3076923076923077,0.5882352941176471,0.4,0.47619047619047616
22,441,111,Logistic Regression,True,median imputation -> StandardScaler -> training-only SMOTE,0.6396396396396397,0.5474546626162202,0.5284257280785059,0.6527559878254322,"[[47, 2, 22], [1, 2, 3], [9, 3, 22]]",5,2,0.6619718309859155,0.8245614035087719,0.734375,0.3333333333333333,0.2857142857142857,0.3076923076923077,0.6470588235294118,0.46808510638297873,0.5432098765432098
22,441,111,Random Forest,False,median imputation -> training-only SMOTE,0.6216216216216216,0.5125195618153364,0.5037344094294492,0.6268208950388987,"[[50, 3, 18], [2, 2, 2], [15, 2, 17]]",5,2,0.704225352112676,0.746268656716418,0.7246376811594203,0.3333333333333333,0.2857142857142857,0.3076923076923077,0.5,0.4594594594594595,0.4788732394366197
22,441,111,XGBoost,False,median imputation -> training-only SMOTE,0.5765765765765766,0.40753014820951855,0.4286786786786787,0.5650921191461733,"[[52, 1, 18], [2, 1, 3], [23, 0, 11]]",1,1,0.7323943661971831,0.6753246753246753,0.7027027027027027,0.16666666666666666,0.5,0.25,0.3235294117647059,0.34375,0.3333333333333333
22,441,111,LightGBM,False,median imputation -> training-only SMOTE,0.5765765765765766,0.3566694283347142,0.3515592515592516,0.5617931861175105,"[[53, 2, 16], [2, 0, 4], [22, 1, 11]]",3,0,0.7464788732394366,0.6883116883116883,0.7162162162162162,0.0,0.0,0.0,0.3235294117647059,0.3548387096774194,0.3384615384615385
22,441,111,Support Vector Machine,True,median imputation -> StandardScaler -> training-only SMOTE,0.6036036036036037,0.49291171867808153,0.523735002608242,0.6038996743222095,"[[50, 0, 21], [3, 2, 1], [18, 1, 15]]",1,2,0.704225352112676,0.704225352112676,0.704225352112676,0.3333333333333333,0.6666666666666666,0.4444444444444444,0.4411764705882353,0.40540540540540543,0.4225352112676056
23,441,111,Logistic Regression,True,median imputation -> StandardScaler -> training-only SMOTE,0.6126126126126126,0.5484672742336371,0.5006552054606974,0.6219488278984847,"[[50, 7, 14], [1, 3, 2], [16, 3, 15]]",10,3,0.704225352112676,0.746268656716418,0.7246376811594203,0.5,0.23076923076923078,0.3157894736842105,0.4411764705882353,0.4838709677419355,0.46153846153846156
23,441,111,Random Forest,False,median imputation -> training-only SMOTE,0.6666666666666666,0.5766362883181441,0.5682840751333903,0.6614906340933737,"[[56, 3, 12], [1, 3, 2], [18, 1, 15]]",4,3,0.7887323943661971,0.7466666666666667,0.7671232876712328,0.5,0.42857142857142855,0.46153846153846156,0.4411764705882353,0.5172413793103449,0.47619047619047616
23,441,111,XGBoost,False,median imputation -> training-only SMOTE,0.5945945945945946,0.4728896253337016,0.473063973063973,0.5913640913640914,"[[52, 2, 17], [1, 2, 3], [20, 2, 12]]",4,2,0.7323943661971831,0.7123287671232876,0.7222222222222222,0.3333333333333333,0.3333333333333333,0.3333333333333333,0.35294117647058826,0.375,0.36363636363636365
23,441,111,LightGBM,False,median imputation -> training-only SMOTE,0.5855855855855856,0.45797661787719784,0.45729402872260017,0.5764948622091479,"[[53, 2, 16], [1, 2, 3], [22, 2, 10]]",4,2,0.7464788732394366,0.6973684210526315,0.7210884353741497,0.3333333333333333,0.3333333333333333,0.3333333333333333,0.29411764705882354,0.3448275862068966,0.31746031746031744
23,441,111,Support Vector Machine,True,median imputation -> StandardScaler -> training-only SMOTE,0.6306306306306306,0.4561355058455307,0.4694087596724514,0.6235683959821892,"[[54, 1, 16], [2, 1, 3], [18, 1, 15]]",2,1,0.7605633802816901,0.7297297297297297,0.7448275862068966,0.16666666666666666,0.3333333333333333,0.2222222222222222,0.4411764705882353,0.4411764705882353,0.4411764705882353
24,441,111,Logistic Regression,True,median imputation -> StandardScaler -> training-only SMOTE,0.5855855855855856,0.45820675688115625,0.4409423868312757,0.6083254365476588,"[[44, 4, 23], [1, 1, 4], [9, 5, 20]]",9,1,0.6197183098591549,0.8148148148148148,0.704,0.16666666666666666,0.1,0.125,0.5882352941176471,0.425531914893617,0.49382716049382713
24,441,111,Random Forest,False,median imputation -> training-only SMOTE,0.6126126126126126,0.4314185768203995,0.4333333333333333,0.6006006006006005,"[[55, 4, 12], [3, 1, 2], [21, 1, 12]]",5,1,0.7746478873239436,0.6962025316455697,0.7333333333333333,0.16666666666666666,0.16666666666666666,0.16666666666666666,0.35294117647058826,0.46153846153846156,0.4
24,441,111,XGBoost,False,median imputation -> training-only SMOTE,0.6036036036036037,0.42672374113964834,0.4262261228704182,0.5944699474900816,"[[54, 4, 13], [4, 1, 1], [20, 2, 12]]",6,1,0.7605633802816901,0.6923076923076923,0.7248322147651006,0.16666666666666666,0.14285714285714285,0.15384615384615385,0.35294117647058826,0.46153846153846156,0.4
24,441,111,LightGBM,False,median imputation -> training-only SMOTE,0.6306306306306306,0.44080824818190184,0.45062590007754516,0.6120042275575677,"[[57, 2, 12], [4, 1, 1], [21, 1, 12]]",3,1,0.8028169014084507,0.6951219512195121,0.7450980392156863,0.16666666666666666,0.25,0.2,0.35294117647058826,0.48,0.4067796610169492
24,441,111,Support Vector Machine,True,median imputation -> StandardScaler -> training-only SMOTE,0.5585585585585585,0.3626070146368406,0.35498174230568597,0.5515515515515516,"[[48, 2, 21], [3, 0, 3], [20, 0, 14]]",2,0,0.676056338028169,0.676056338028169,0.676056338028169,0.0,0.0,0.0,0.4117647058823529,0.3684210526315789,0.3888888888888889
25,441,111,Logistic Regression,True,median imputation -> StandardScaler -> training-only SMOTE,0.6666666666666666,0.5919635459817729,0.5583011202977917,0.6726355099865247,"[[53, 4, 14], [2, 3, 1], [13, 3, 18]]",7,3,0.7464788732394366,0.7794117647058824,0.762589928057554,0.5,0.3,0.375,0.5294117647058824,0.5454545454545454,0.5373134328358209
25,441,111,Random Forest,False,median imputation -> training-only SMOTE,0.6666666666666666,0.5715272024302679,0.5551694551694552,0.6588043642097696,"[[57, 3, 11], [2, 3, 1], [18, 2, 14]]",5,3,0.8028169014084507,0.7402597402597403,0.7702702702702703,0.5,0.375,0.42857142857142855,0.4117647058823529,0.5384615384615384,0.4666666666666667
25,441,111,XGBoost,False,median imputation -> training-only SMOTE,0.6216216216216216,0.48186504648807876,0.4826455145233908,0.6066686284443609,"[[56, 1, 14], [4, 2, 0], [20, 3, 11]]",4,2,0.7887323943661971,0.7,0.7417218543046358,0.3333333333333333,0.3333333333333333,0.3333333333333333,0.3235294117647059,0.44,0.3728813559322034
25,441,111,LightGBM,False,median imputation -> training-only SMOTE,0.6036036036036037,0.41139648347601954,0.41262246525404417,0.5800557905821063,"[[57, 1, 13], [4, 1, 1], [22, 3, 9]]",4,1,0.8028169014084507,0.6867469879518072,0.7402597402597403,0.16666666666666666,0.2,0.18181818181818182,0.2647058823529412,0.391304347826087,0.3157894736842105
25,441,111,Support Vector Machine,True,median imputation -> StandardScaler -> training-only SMOTE,0.6576576576576577,0.4702200128877842,0.476092976092976,0.6483835537889593,"[[57, 1, 13], [4, 1, 1], [16, 3, 15]]",4,1,0.8028169014084507,0.7402597402597403,0.7702702702702703,0.16666666666666666,0.2,0.18181818181818182,0.4411764705882353,0.5172413793103449,0.47619047619047616
26,441,111,Logistic Regression,True,median imputation -> StandardScaler -> training-only SMOTE,0.5765765765765766,0.48393629752370426,0.4524202788565986,0.596728508339597,"[[46, 6, 19], [1, 2, 3], [13, 5, 16]]",11,2,0.647887323943662,0.7666666666666667,0.7022900763358778,0.3333333333333333,0.15384615384615385,0.21052631578947367,0.47058823529411764,0.42105263157894735,0.4444444444444444
26,441,111,Random Forest,False,median imputation -> training-only SMOTE,0.6576576576576577,0.5159716468747123,0.5109862233149904,0.6522128028977344,"[[57, 3, 11], [0, 2, 4], [18, 2, 14]]",5,2,0.8028169014084507,0.76,0.7808219178082192,0.3333333333333333,0.2857142857142857,0.3076923076923077,0.4117647058823529,0.4827586206896552,0.4444444444444444
26,441,111,XGBoost,False,median imputation -> training-only SMOTE,0.6306306306306306,0.4967780539445825,0.4861645939860699,0.625815323561678,"[[55, 4, 12], [1, 2, 3], [19, 2, 13]]",6,2,0.7746478873239436,0.7333333333333333,0.7534246575342466,0.3333333333333333,0.25,0.2857142857142857,0.38235294117647056,0.4642857142857143,0.41935483870967744
26,441,111,LightGBM,False,median imputation -> training-only SMOTE,0.6306306306306306,0.4916689680567063,0.4859638957999614,0.6211975923983014,"[[56, 3, 12], [1, 2, 3], [20, 2, 12]]",5,2,0.7887323943661971,0.7272727272727273,0.7567567567567568,0.3333333333333333,0.2857142857142857,0.3076923076923077,0.35294117647058826,0.4444444444444444,0.39344262295081966
26,441,111,Support Vector Machine,True,median imputation -> StandardScaler -> training-only SMOTE,0.6306306306306306,0.40527478597072636,0.3982003760408273,0.6170554115759596,"[[55, 0, 16], [3, 0, 3], [17, 2, 15]]",2,0,0.7746478873239436,0.7333333333333333,0.7534246575342466,0.0,0.0,0.0,0.4411764705882353,0.4411764705882353,0.4411764705882353
27,441,111,Logistic Regression,True,median imputation -> StandardScaler -> training-only SMOTE,0.6576576576576577,0.5517352480898462,0.5917938509179385,0.6609934420153397,"[[50, 0, 21], [3, 2, 1], [13, 0, 21]]",0,2,0.704225352112676,0.7575757575757576,0.7299270072992701,0.3333333333333333,1.0,0.5,0.6176470588235294,0.4883720930232558,0.5454545454545454
27,441,111,Random Forest,False,median imputation -> training-only SMOTE,0.6486486486486487,0.52660406885759,0.5571391571391572,0.6469398469398469,"[[53, 1, 17], [2, 2, 2], [17, 0, 17]]",1,2,0.7464788732394366,0.7361111111111112,0.7412587412587412,0.3333333333333333,0.6666666666666666,0.4444444444444444,0.5,0.4722222222222222,0.4857142857142857
27,441,111,XGBoost,False,median imputation -> training-only SMOTE,0.6036036036036037,0.4622572033508239,0.49245663906398046,0.5812758253247685,"[[56, 1, 14], [3, 2, 1], [25, 0, 9]]",1,2,0.7887323943661971,0.6666666666666666,0.7225806451612903,0.3333333333333333,0.6666666666666666,0.4444444444444444,0.2647058823529412,0.375,0.3103448275862069
27,441,111,LightGBM,False,median imputation -> training-only SMOTE,0.5945945945945946,0.45245328178219646,0.4677607998490851,0.5697935626628325,"[[56, 1, 14], [3, 2, 1], [25, 1, 8]]",2,2,0.7887323943661971,0.6666666666666666,0.7225806451612903,0.3333333333333333,0.5,0.4,0.23529411764705882,0.34782608695652173,0.2807017543859649
27,441,111,Support Vector Machine,True,median imputation -> StandardScaler -> training-only SMOTE,0.6126126126126126,0.523151983798214,0.5453912559175716,0.6196346722662512,"[[46, 1, 24], [2, 2, 2], [14, 0, 20]]",1,2,0.647887323943662,0.7419354838709677,0.6917293233082706,0.3333333333333333,0.6666666666666666,0.4444444444444444,0.5882352941176471,0.43478260869565216,0.5
28,441,111,Logistic Regression,True,median imputation -> StandardScaler -> training-only SMOTE,0.6486486486486487,0.4910706066464144,0.4808241895545105,0.6619361541054446,"[[51, 5, 15], [1, 1, 4], [11, 3, 20]]",8,1,0.7183098591549296,0.8095238095238095,0.7611940298507462,0.16666666666666666,0.1111111111111111,0.13333333333333333,0.5882352941176471,0.5128205128205128,0.547945205479452
28,441,111,Random Forest,False,median imputation -> training-only SMOTE,0.6396396396396397,0.4659394274141581,0.4692170574523516,0.6370566370566372,"[[54, 3, 14], [1, 1, 4], [17, 1, 16]]",4,1,0.7605633802816901,0.75,0.7552447552447552,0.16666666666666666,0.2,0.18181818181818182,0.47058823529411764,0.47058823529411764,0.47058823529411764
28,441,111,XGBoost,False,median imputation -> training-only SMOTE,0.6846846846846847,0.49452269170579033,0.5032240210322402,0.6768118055789288,"[[58, 1, 12], [2, 1, 3], [15, 2, 17]]",3,1,0.8169014084507042,0.7733333333333333,0.7945205479452054,0.16666666666666666,0.25,0.2,0.5,0.53125,0.5151515151515151
28,441,111,LightGBM,False,median imputation -> training-only SMOTE,0.6756756756756757,0.4796096842492865,0.490179211469534,0.6622067228518841,"[[59, 1, 11], [3, 1, 2], [17, 2, 15]]",3,1,0.8309859154929577,0.7468354430379747,0.7866666666666666,0.16666666666666666,0.25,0.2,0.4411764705882353,0.5357142857142857,0.4838709677419355
28,441,111,Support Vector Machine,True,median imputation -> StandardScaler -> training-only SMOTE,0.6576576576576577,0.48043818466353677,0.49986772486772485,0.6509044759044759,"[[55, 1, 15], [1, 1, 4], [17, 0, 17]]",1,1,0.7746478873239436,0.7534246575342466,0.7638888888888888,0.16666666666666666,0.5,0.25,0.5,0.4722222222222222,0.4857142857142857
29,441,111,Logistic Regression,True,median imputation -> StandardScaler -> training-only SMOTE,0.6306306306306306,0.5172143974960877,0.48932966745221257,0.6465485516938777,"[[51, 5, 15], [3, 2, 1], [11, 6, 17]]",11,2,0.7183098591549296,0.7846153846153846,0.75,0.3333333333333333,0.15384615384615385,0.21052631578947367,0.5,0.5151515151515151,0.5074626865671642
29,441,111,Random Forest,False,median imputation -> training-only SMOTE,0.6396396396396397,0.45061216975052937,0.4567061341895779,0.6254674903681526,"[[57, 2, 12], [4, 1, 1], [19, 2, 13]]",4,1,0.8028169014084507,0.7125,0.7549668874172185,0.16666666666666666,0.2,0.18181818181818182,0.38235294117647056,0.5,0.43333333333333335
29,441,111,XGBoost,False,median imputation -> training-only SMOTE,0.6126126126126126,0.47717021080732763,0.48625995049836107,0.5979309833614468,"[[55, 1, 15], [4, 2, 0], [21, 2, 11]]",3,2,0.7746478873239436,0.6875,0.7284768211920529,0.3333333333333333,0.4,0.36363636363636365,0.3235294117647059,0.4230769230769231,0.36666666666666664
29,441,111,LightGBM,False,median imputation -> training-only SMOTE,0.6306306306306306,0.43059007640614927,0.4384095734414206,0.6029431863826769,"[[59, 2, 10], [4, 1, 1], [23, 1, 10]]",3,1,0.8309859154929577,0.686046511627907,0.7515923566878981,0.16666666666666666,0.25,0.2,0.29411764705882354,0.47619047619047616,0.36363636363636365
29,441,111,Support Vector Machine,True,median imputation -> StandardScaler -> training-only SMOTE,0.6126126126126126,0.5129338120224616,0.5090713150907131,0.6172878207674728,"[[48, 2, 21], [4, 2, 0], [14, 2, 18]]",4,2,0.676056338028169,0.7272727272727273,0.7007299270072993,0.3333333333333333,0.3333333333333333,0.3333333333333333,0.5294117647058824,0.46153846153846156,0.4931506849315068
